ID,Var1,Var2,Var3,Var4,Var5,Var6,Var7,Var8,Var9,Var10,Var11,Var12,Var13,Var14,Var15,Var16
3,1.582291432,-0.251324463,-0.732869231,1.39796576,1.27E-05,0.361119779,-1.073438144,-0.271288936,1.213380905,-0.374067928,-0.563224261,-0.112869437,-0.056628835,0.792038674,-0.427097743,-0.221429553
5,0.786173016,1.194110812,0.348215041,0.025501334,1.064185943,0.721618255,0.928625363,-0.804162558,2.082499442,0.696484419,0.989363698,1.355593651,0.577019606,1.317572804,-0.425397611,1.718282935
7,1.636132339,-1.174360635,-0.062576481,-0.95250611,1.710416343,-1.09897633,0.788748981,-0.117162581,-0.649374596,0.90862006,2.412605375,2.278820119,1.209454538,0.500860324,1.356609922,-0.529580774
11,-0.453715049,-0.972503981,0.024901274,0.485244356,0.886226075,-0.614609481,0.428676822,0.83704802,0.085039659,0.546998618,1.54180608,1.936687539,0.766251534,-0.579990656,1.968219351,-0.491658485
16,1.409640074,0.146364041,1.181670669,-0.476095216,0.040323416,0.461612657,0.99936313,-2.047306511,0.631684331,0.752734716,-1.773659803,-1.25822726,-0.462715767,0.805957098,-1.256539396,1.131161762
19,-0.487460385,0.387059456,0.358661167,0.391766188,0.239121437,0.037927014,-0.440878894,0.335791515,1.162712215,0.03520187,-0.434565184,0.051578598,0.485642853,1.045017629,-0.401070224,1.853074487
20,-0.03326101,1.088425622,0.463531852,0.151347439,0.064503521,0.988186309,0.218795643,1.564872238,-0.998892,0.881103766,0.734459388,0.797546768,0.197411482,0.384299553,0.535181498,0.53831174
21,-0.430368794,0.685823576,-1.248641111,-0.48618163,-0.168239249,0.499543597,1.202241094,0.830338951,0.768938605,1.699160015,0.61182782,-0.69424889,-1.626453691,-0.060874852,0.518154024,0.393094872
22,0.147841623,0.984492822,0.538359636,-0.470063677,0.746391632,1.157618817,2.106973984,1.14329125,-0.395524224,1.847056985,0.902378188,0.912639225,1.622379021,1.399115383,1.646086098,2.575277736
25,0.707230811,0.842172449,0.934691005,0.655630549,-0.366095659,1.244225031,0.094743208,-0.913956702,0.645103151,0.046201245,0.301007783,0.437015037,0.928721894,0.262994429,0.489330495,0.671432156
27,-0.125150601,1.179382052,0.960831433,0.768728433,0.606076128,-0.936600336,0.345898885,-0.362747286,0.40277526,0.938484237,0.77447913,0.124653766,-0.41100096,0.376719164,1.489009292,0.99285556
34,-0.877515625,0.587973704,1.745734779,0.460206455,-0.315249362,-1.052478173,0.817994312,0.639089576,-0.268353053,-1.462051416,-2.303034479,-1.440891121,-0.966475058,0.363575232,0.024714736,-0.02285254
35,-2.290712893,-0.543072806,0.325323282,-0.082576699,0.266885357,0.38612401,0.256380023,-0.983011318,-0.572379978,0.342334591,0.328707267,1.655154368,1.453540146,1.29897783,1.068867099,0.383506865
36,-0.819954141,-0.078994775,1.55757125,2.879058904,0.090789165,1.505465072,-0.247345873,0.607719995,0.548445026,0.573611271,1.478534225,0.679586542,0.705578602,-0.183123114,1.821065779,1.029024241
37,-0.312066194,-0.821002942,0.449560524,-2.154752987,-0.825249072,-0.239931129,-0.965284811,0.387226716,-1.123630236,-0.13473559,-0.231074639,-0.122532518,0.091185803,-0.615562301,0.335060709,-1.411610348
38,-1.044381321,0.27589175,-0.345003942,0.982472744,0.781138131,1.103971009,1.205048546,-0.005464403,-0.638626404,0.09747641,0.516839955,-0.233587149,-0.014893976,-0.191547962,0.564193942,0.164753105
40,1.679102998,0.802525936,0.85674984,1.691507511,-0.481086749,2.125460985,0.792783531,-0.119672778,-0.962857568,-0.779407481,-1.339241024,-0.448179421,0.36147514,-1.287146558,-1.395759526,0.994632772
42,-0.654676524,-0.435706982,0.134295231,-0.972172615,0.633323481,-1.073120245,-1.337098648,0.220808099,0.92602017,-0.165038205,-1.129266742,0.496504376,0.349550599,0.195010639,-0.036687233,0.289860459
43,-1.051187295,-1.289468005,-0.688327619,-1.021816149,-1.498835606,-0.705684078,-0.705518737,-0.957319555,-2.48894301,-0.753318258,0.20220691,-0.960737199,-1.572153507,-2.334696463,1.050152521,0.758355455
44,-0.039485002,-0.699621059,0.139059133,-0.330228555,-0.815318223,0.967351442,0.351513173,0.614848781,-0.902999325,-0.160635356,0.791677732,0.096182276,0.445711434,0.353225765,1.044583824,0.088195294
47,0.348991254,0.097174734,0.285621384,-0.101264088,2.674198038,0.69702667,1.173703959,0.393976947,0.526283433,1.220271963,1.545422001,1.793736009,1.852706715,0.50122223,0.129439816,1.405976219
48,1.058519474,1.50164104,-0.146946915,0.590527049,-1.616771291,0.013488754,1.057240172,-0.136718843,1.675092689,-0.350546921,-2.701781946,-0.426578276,-1.194537923,-1.100476365,-0.730861826,-0.047990434
50,0.913751965,0.591901766,0.17567586,1.358778937,-0.545117216,1.554127757,0.409782506,-1.369425334,0.970489644,-0.238008265,-0.443908916,0.284109968,-0.156299932,-1.088169796,-0.452111214,1.80507061
51,-0.254156013,0.817271058,-0.63165985,-0.555876982,0.480898337,0.312477924,-0.188178904,0.640014597,-0.060065266,0.154928213,0.42742506,-0.432389531,-0.409960961,0.356763419,-0.984704032,-1.13061493
52,0.765561767,1.619992184,0.739773683,0.833852223,0.157949926,-0.408866822,0.295068649,0.238109519,0.494942492,0.863802804,1.700952399,1.081653357,0.46057322,0.385563152,-0.425564634,0.562397522
56,-1.420591661,0.820887816,-0.555247415,-1.037884494,-0.754562927,-0.504545543,1.399661372,0.890591538,0.918371241,0.518670798,1.105755911,0.785516674,1.447287183,0.824837574,0.16086911,0.38081843
59,-0.684612465,-0.791645197,-0.934596111,-1.011191816,0.157410289,-1.254279412,-1.593381677,-1.216136959,-0.994613449,-0.950699661,0.904268976,-0.41506097,0.829243006,-0.036980739,-0.406722184,-0.941895163
63,0.196254723,-0.684391137,-1.024785773,0.088876906,-0.485860924,-0.453346246,-0.660771205,0.775498668,-0.011216543,1.07327689,-1.153416533,0.127323487,0.37066817,-0.093567629,-1.252000214,0.975972477
66,0.994352233,0.378565784,-0.755627375,0.16245864,0.378840493,-0.719883378,-0.330533846,-0.260066009,-1.070612902,-0.249327346,1.067318231,-0.260402798,0.947994818,-0.668838593,-0.674147762,-1.257864503
67,0.29791461,-0.185857636,-0.810042603,-0.570938048,-0.305845997,-1.436104578,0.546535333,0.118871217,0.209428825,0.283119227,0.619650735,0.843987349,-0.632359238,-0.059187558,0.448733668,0.186638972
68,-0.421329054,-0.6442149,-0.611860139,0.087017817,0.403802775,-0.634540903,1.312652591,0.895326937,-0.813759172,-0.410294139,-0.292106101,0.78519634,-0.053456909,0.713636904,0.656038263,-0.157061487
73,1.175111085,-0.77671195,-0.988167209,0.958425321,2.115742829,0.463098453,-0.716094902,2.65702088,-1.391175252,1.748854785,1.487791396,2.206517286,1.178088519,2.577773366,2.191694207,0.029702556
79,-0.455608509,1.217473402,0.393972807,0.26743717,-0.130214857,-0.011732709,0.862326419,0.308104856,0.803630835,1.132344309,-0.93606927,1.4893818,0.523793366,0.015709904,-0.929736448,-0.537505888
81,-0.233612963,0.162600775,0.995078931,0.99728319,0.339402613,-0.371445502,0.492484236,0.292058654,0.332641162,0.913252817,-0.10321339,0.348030863,-0.126928504,-0.497906966,-0.659384408,0.876633462
82,0.677477489,1.149645513,0.0748122,-1.341229279,0.389704742,-0.269337813,0.494940654,0.738438373,0.612896624,1.265497505,1.463197905,-0.260891508,0.752845072,-0.477930538,0.110136508,-0.91737502
86,-0.074537586,0.75043125,-0.410797421,-1.122315578,0.819471963,-0.145779895,-0.706509036,2.635738193,-1.033667644,1.010038654,1.616807283,0.181174692,0.956430395,1.087867056,-0.221899084,-1.544313817
87,0.892226371,0.439844816,0.376539348,0.470230038,0.199357971,-1.697365045,-0.89427203,-1.110613182,-0.528661446,-1.164922905,-0.242276243,-0.00183156,-0.67677079,-0.392272261,0.071478488,-0.353155223
89,-0.437317851,-0.206747148,0.237791802,-0.964523589,-0.141706265,0.655740919,-1.041741435,0.431556573,-1.443447231,0.349459971,1.563171494,1.179454124,0.334187677,1.422020888,0.884113303,-1.349022824
90,0.232544451,0.31983024,0.501647501,0.248270487,-1.564735424,-0.350773886,-1.307001827,-1.836876034,0.192203564,-1.788357443,-1.483591791,-0.370048486,-1.641145273,-1.015874622,-0.685581548,-0.011760128
92,0.760722915,1.443086711,0.417288647,0.166819802,-2.056632425,-0.313385293,0.464981399,-1.796621754,0.788282518,-1.60728194,-1.222770997,-1.645287172,-1.057083046,-1.55701531,-1.205034512,1.415893827
93,-0.245662379,-1.45714198,-1.506141481,-0.525149136,1.186117572,-0.612121865,-0.550178075,1.0969779,-1.163871682,2.044762234,0.348315826,1.639569398,0.160177049,1.335043359,0.848597817,-0.979770102
95,-0.139993309,0.202334479,-0.393360914,-1.063843695,1.90370676,0.199057006,0.371751917,-0.535571635,1.754262311,0.618406192,0.414874532,1.115565287,1.438765242,-0.369500226,0.729495127,0.894641506
96,-0.106235259,0.588750646,1.213350412,-0.367006239,1.873863098,0.987638323,0.93835391,0.822938362,-0.865739247,1.697124946,0.359661811,0.424491976,0.904571195,0.858284089,1.449928858,-0.406955337
97,-0.077230465,0.432639319,0.567958562,0.434299896,0.496917546,-0.680880877,0.051081225,0.117875555,-0.026034244,-0.186235973,-0.283435482,0.337812403,-0.778263171,0.875726089,-0.017612402,1.866208544
98,0.324216955,0.325540961,1.148907109,-0.256052281,0.441863216,-1.437503015,0.894821447,0.18445139,0.568709236,-0.12901735,0.554681567,0.777717144,1.346049638,1.674575135,-0.110508963,-1.806641697
100,-0.244562749,0.009801537,-0.019642076,-0.115074913,-0.290112235,-0.490326825,0.828685625,-0.584501599,-2.382021386,0.089913498,-1.002398425,0.435632012,0.188741018,-0.067618604,0.104751328,-2.152117923
101,1.078808881,-0.556687315,1.435712606,-1.154624733,-2.189578062,-0.419964995,-1.00287619,-1.338536413,0.023433528,-0.744172076,-1.028873751,-0.71431235,-1.665301051,-2.078871596,0.043672818,0.547390973
103,-1.210615464,-0.176779417,-0.966319615,-0.829081998,0.046857097,0.84364141,-0.252234347,-0.553629085,0.514728663,-0.39035872,0.871733372,0.322509716,0.066623855,-0.800198284,-1.636083728,-0.558122558
104,0.552485745,1.047642318,1.786116858,0.241013127,-0.53185495,0.307297303,1.022584526,1.509996364,0.649361086,-0.805351152,-1.154871031,-1.235384629,2.085208239,-0.138876316,-0.762787929,-0.038722062
105,0.228048292,0.273022798,-1.096732179,-0.451743515,0.475213714,-0.355617004,-0.874205094,0.167078489,0.621198921,-0.153628805,0.028765433,0.486212945,-0.34367975,0.161018283,2.040725944,-1.077511162
106,1.801308776,0.548147048,0.60222294,0.015890976,-0.762829315,-0.190058723,0.666755744,-2.130436492,0.377589076,-1.717657243,-1.427602279,0.22914102,-2.241563012,0.797396249,-1.430513043,0.0135396
109,2.153305592,0.958011662,-0.749851438,0.147195125,1.265063891,-0.232781444,0.751528822,0.356196093,-0.296392021,0.700721684,0.369787565,-1.03919376,-1.433305865,0.364894433,0.227818013,1.00459813
112,0.66407342,-1.094378514,-0.296758486,0.456707342,0.888762692,0.439487124,0.103255443,-0.047144807,-0.068418024,0.694950804,1.441971545,1.44595951,1.008950322,-0.265988483,0.421372017,-0.653476889
114,0.250381552,-1.355335574,-0.562433932,-1.543477643,1.047243988,-0.41856519,-0.861655904,2.180601385,0.661340916,1.110622583,1.15151529,2.111124364,1.233904577,1.869983028,0.77635751,0.132378596
120,1.007689794,-0.228991545,0.179506187,-0.609372494,-2.313825723,-0.501215623,-0.330692651,-0.818685825,-0.803460905,-0.381590419,-1.228341803,-2.615873391,-1.871120058,-2.256821441,-2.688314371,-0.260886846
121,-0.600201272,-1.045944663,1.02490594,0.464591607,-0.875092925,0.371238139,-1.557047605,0.52864113,-0.069711626,1.395333496,0.896103223,0.106490343,0.948306655,-0.15469031,-0.086668418,-1.780813093
124,0.579334029,0.137381887,0.733825045,0.900968934,-0.32162641,1.661567561,0.149611953,2.310744455,-0.249288123,0.055075983,1.014103932,1.031565323,1.157088178,2.66458053,0.412171398,-0.1630889
125,-1.038343524,-1.219896383,-0.644230319,-0.711697586,-0.358549823,-0.5123814,-0.759210108,0.167356236,-1.079562285,0.310309684,1.364226745,0.619457228,0.816050011,0.122627896,0.485257365,-1.326871712
126,1.035821329,0.892485516,0.461060466,-1.614447739,2.166418882,-0.360167092,-0.339272456,-0.102486706,1.155702824,2.188864379,0.355147606,0.364463856,1.389652724,1.229747425,1.679120758,0.388602678
127,0.275390442,-1.196477986,-0.143881903,-1.402568642,-0.46455793,-0.089331052,0.21481019,0.864014417,0.939936236,-1.30170498,-0.214538704,0.008697735,-2.322483601,-0.196658689,1.48810707,-0.611794389
132,2.66254126,1.648392959,0.950577937,1.366239187,0.721736711,-0.180401215,1.014767365,0.763819388,2.01405344,-1.643602381,-0.556718019,-0.163506685,0.382266192,-0.362714927,-0.522517376,0.480329023
133,0.217453284,1.057010003,-0.113375949,0.366738676,0.592144292,-0.224488859,-0.032722039,0.390807182,1.32348957,0.256407048,1.458468173,1.864997921,1.247706276,1.423833219,0.885271258,1.412211901
134,0.120475708,-0.271084176,-1.024486142,0.057013111,0.52219793,-0.065210275,-0.28220187,0.646247421,-2.230531836,2.043139206,1.733296916,-0.189787234,1.45609714,1.54711771,0.601701208,-0.943867717
135,1.581386594,0.717900513,-0.634218378,1.748834482,-0.435355683,-0.218630156,0.72828262,-1.172157465,0.741632011,0.790113433,-0.190433488,0.571143026,0.744539758,-0.152303548,-0.592094087,-0.560146546
136,0.701000234,1.432166514,1.810656829,-0.285614381,-0.473552804,2.438561339,1.86721205,-2.161298935,0.75867787,-1.132814504,-0.383661225,0.336998408,-0.301244433,-0.084090926,0.348115738,0.410903714
137,0.208498664,-0.710527903,0.159857804,-0.326171846,0.698450045,-1.503395495,0.74789641,-1.474484531,-0.237294655,0.53405284,-0.065460471,0.473817707,0.587569032,0.450282162,-0.183890282,1.045091838
138,0.383981655,0.466591404,0.175388875,-0.704176159,-2.543455625,-0.85764339,1.292298514,-1.112790562,1.06374247,-1.70942136,-2.112592227,-0.463432355,-2.257979986,-1.256731584,-3.228395105,0.558602905
140,0.128911563,-0.95527415,-1.582951854,-2.389860648,-0.978761312,-1.444426763,-1.349058527,-0.204644548,-2.531765962,0.739366957,-0.712436141,-0.888390465,-1.140128127,0.689444844,-0.885804636,-0.329918104
142,-0.011840265,-0.536389339,-1.432078521,0.00183324,-0.438429569,0.200125161,0.195966888,-1.820323438,1.948809597,-1.489929694,0.445052708,-0.702402939,-1.085100929,-1.468667206,-0.633877046,-0.931514245
143,0.896138183,1.950305707,0.734783682,0.575449917,-0.025610709,0.186124214,0.666809654,0.100829371,0.602345782,-0.076221414,0.813095767,0.130085597,0.115809069,-0.398927368,1.683913501,0.643906258
146,1.604501412,0.480092807,0.709846022,-0.95768279,0.238517957,0.58843381,0.276489436,1.760745046,0.855177348,1.20543756,-0.412234658,-1.214890215,-0.224513121,-0.626224124,1.16474001,0.517341557
147,0.598759096,1.590663205,-0.708375076,-0.39352525,-1.335255137,-0.577053492,-1.195710676,-0.47474622,-0.902606832,0.201748449,0.547491854,-0.464521229,-0.395370939,-0.602054489,0.129849911,0.393902867
148,-0.017847983,0.566894756,-0.161642046,1.040149288,-0.333025393,-0.388671793,1.09718488,-1.213844849,-0.492727879,0.646903042,-0.616966032,-1.596137017,-1.458682147,-1.584878437,0.622230563,-0.332641014
149,1.877245647,0.227909438,-0.100037585,0.031818631,0.495217774,1.632152667,0.295350628,0.729689408,-0.079060599,0.380520549,0.703353028,1.610164822,0.322369704,1.358430111,0.224211073,0.278809345
150,-0.355454539,0.004586102,-1.107917339,0.57576196,1.785499578,0.759541678,0.129130188,1.247143291,1.291356762,1.599073654,-0.439330697,1.836078688,1.402649532,2.096269607,1.3079701,-0.404968118
151,-1.642972049,-1.118213162,-1.888784399,0.190107413,0.061185736,-1.497111045,-1.427281354,0.04138714,0.853361347,0.204292459,0.46783369,-0.108359676,1.972091926,0.662961401,1.118104521,0.55207288
153,1.760304733,1.342452319,0.400571501,0.154148367,-0.835306799,-0.029434495,0.517007048,0.9131537,0.068464505,0.570771448,0.046242934,0.299115257,0.11311935,0.697035698,0.696596744,0.999789335
156,0.967880075,1.419477356,1.430617856,0.414428554,0.681978781,-0.07475671,0.990716852,0.475215102,1.939364756,-0.200587934,1.082068194,0.309506933,-1.128295322,-0.381674023,0.104808435,1.799647412
157,-0.059878328,-0.086535517,1.250575522,0.49592974,0.363211586,0.528597395,-0.766240493,0.325745169,0.848515443,-0.768375583,-1.209231681,-0.771536516,0.48764977,-0.144896527,-1.398702728,1.709212641
159,-0.22167684,2.051044622,0.340338044,1.845865819,-0.555843627,1.143959283,0.513984274,0.198298087,-0.372295116,0.029437759,0.795391991,0.763193431,-0.34048441,-0.308464017,0.093694884,0.448988792
163,1.018763135,2.046755502,-0.39819445,-1.230622072,-1.816395267,0.956768237,-0.127594581,-2.47915232,0.221790182,-1.620307897,-2.512467425,-2.451374537,-1.898413827,-1.990899624,-1.698682495,-1.710123492
165,-0.321582533,-1.862045641,-2.638075588,-1.155691383,-0.80364671,-2.081721841,-1.391863848,-1.07041572,-1.11399148,0.678336133,-0.071029977,-0.534972837,0.660641455,-0.03124723,-0.271430735,-1.143965584
167,1.821798574,1.785106195,2.057076641,2.263282192,-0.029344297,0.741335584,1.919736909,-0.122334828,1.482785402,0.054519741,-0.058153973,-0.275709546,-0.211613423,-0.225880542,0.049662654,1.335851477
170,-0.730432592,-1.364022146,-0.576461862,-0.459929305,-0.145696429,0.370701945,-0.288230412,-0.218006385,-0.758822665,-0.357933456,-1.235726187,-0.537799486,-0.01483631,-0.018865289,-2.286029061,0.532900614
173,-1.640324419,-0.858732937,-0.27259537,0.409894198,1.091497935,-0.059752837,-0.165156597,-0.641086308,-0.715545046,0.410485914,-0.953267865,-0.684179001,0.467819692,-0.813823495,1.125642505,-0.899935298
174,-0.276194415,0.943129657,0.109619864,0.555528191,-0.401590428,0.088529819,0.043803844,1.736617623,1.389420483,1.161553906,0.950292366,1.413856355,0.374064422,0.186209137,1.332494586,1.13624951
177,-0.414510921,-0.807309144,-1.348040819,-0.854516302,-0.123002744,-0.491693248,-0.263465467,1.274839846,-0.906621498,-0.703316808,0.877457877,0.126276265,-0.420669718,0.888697095,0.095397999,-0.668688168
178,1.497593531,1.964364233,1.268109702,1.113977854,0.347765674,2.345479534,2.154970703,-0.395019818,0.453797593,-1.735789525,-0.491450606,0.420139157,-0.262110071,-0.851575591,-0.350188983,2.378032747
180,0.580848172,-0.241142077,-0.767058648,-0.771455013,0.547451917,-0.117008471,-0.407390828,0.8451926,1.133424189,-0.048930362,1.587570707,-0.454856931,0.101798214,0.397851698,-0.061577297,0.095291729
183,0.141878032,0.202854057,0.829098382,-0.701955348,-1.083780226,-0.026400693,-0.369496058,-1.729727502,-0.019525392,-0.559948916,-0.098779706,-1.965659116,-1.605965417,-1.692923876,-1.228805235,0.49834668
185,0.429572367,-1.322102583,0.409053714,-0.962504989,0.958689586,-1.391639416,-1.150947885,1.412422091,0.253011155,0.725375988,0.260682307,1.133891412,-0.429927484,1.300735847,0.578481934,0.485571602
188,0.983502846,0.227611151,-0.234491005,-0.24366345,-0.159347329,-0.007476414,0.093605287,0.044852711,-1.047971972,0.56480324,0.695070824,0.591963414,-0.092305579,-0.029860499,-0.031079145,-0.799297822
190,0.542257136,-1.754632537,-3.024669314,-2.587793824,-1.096678697,-1.300603171,-1.578428857,-1.020496542,-2.261106064,-1.027437107,-0.576389834,-1.004846117,-0.821895569,0.600626781,-1.150191676,-1.485870192
192,0.891872136,-0.087771413,0.561293698,0.513517501,2.036294447,-0.575171709,2.123307951,1.385530015,-0.580638346,0.785340375,3.664639736,0.519562348,1.792519841,2.466602472,2.66729116,1.416722943
193,0.227787281,-0.476011973,-1.237503667,2.298523751,0.807676761,1.078545468,-0.589759061,0.782525371,1.256001743,-0.014073007,0.484504671,1.716059113,1.150688213,0.86429487,1.630249711,-0.737001826
194,1.310482425,-0.808108683,-0.804182052,0.333447173,-1.368215666,-0.412269181,0.149020764,-1.291034709,0.019176305,0.083712004,0.153980065,-1.264331917,0.105736964,-0.28679757,-0.007458662,0.189171653
197,-1.325273214,0.080840938,-0.522974116,-1.011747121,0.247564016,-0.423197478,0.715395796,-0.294817629,0.470684493,0.495663061,-0.08788373,-0.194727695,-0.621978075,-1.538219402,-0.981703399,0.253445677
201,0.46867069,-0.072038069,0.395653742,0.991840001,1.417806728,-0.470476721,-0.807206001,1.411011603,-0.465124203,-0.079766479,-0.463951694,0.684305688,0.455124329,0.485527999,-0.494704958,-0.132465833
204,-1.02026378,-0.231985088,0.756345067,1.320516186,0.568951617,0.05706738,0.580961422,0.313019601,0.438236843,-0.040353216,-1.120536444,0.089852869,-0.683245986,-0.248755408,-0.374841931,-0.107014713
205,0.951002275,1.042988976,0.990930723,1.169630872,1.092414008,0.670080453,0.731275853,0.788889461,-0.60246892,1.62070916,0.979230081,0.864753139,-0.097659585,1.095506647,1.122517288,-0.258100549
206,-1.157948482,0.53585288,-0.648810817,-0.266775483,0.086100626,-0.234612967,0.75802703,0.38737888,-0.934044379,1.803851463,0.765550494,0.892319939,-0.461885579,1.926041521,1.245337472,-1.154698023
208,-1.269040323,-0.55443388,-2.043122699,-1.089672245,0.37789362,-1.658767483,-0.57901511,0.517013865,-0.812076493,0.395453975,1.220228096,0.559089848,0.547045921,2.15705684,0.971910404,-1.678235824
209,-0.610000782,0.369660223,0.723969091,0.258411008,-1.305253196,-0.988447473,0.174497819,-0.912721447,0.201023149,-1.971169557,-1.725430925,-0.995007982,-0.65740022,0.138844375,-0.58111112,0.890989367
211,-0.355069501,-1.575801185,0.480852518,0.22078605,-0.606816585,-0.466475962,-0.542112225,0.434887886,0.579598688,0.356781111,-0.650104457,-0.764658413,0.077707694,-0.591336818,0.172846799,-0.873504583
214,0.997049225,0.782352652,0.423793352,0.19900566,-0.677535452,-1.410269328,0.09705862,0.934102975,-0.047274637,0.979646611,0.046555752,0.444574165,0.459160677,0.644312829,-0.130911493,0.235771184
220,0.644061554,0.494445726,-0.609068542,-0.503833851,-1.034961206,1.730918956,0.679506203,-1.83569539,-0.249168793,0.214852641,-1.166217388,-0.315453524,0.127580256,0.093795768,-0.130568803,-0.12347179
221,-0.462148883,0.712330803,-0.128759766,0.600495389,1.104596961,0.482760296,0.31410911,-0.550092706,1.448179565,0.558306477,0.791643749,-0.844767306,0.903029075,-1.041100166,-0.544541173,1.377806342
222,-0.830449088,-0.537061243,-0.672483728,-0.852659378,0.160942999,-0.321107997,-0.590639046,-1.189317902,-1.032196167,-1.199986465,-1.348964747,0.421490157,0.205903249,-1.090441139,-1.012013428,-0.454589222
223,1.788858636,2.277897309,0.856505925,1.257284204,0.421809686,2.069745788,1.025145316,1.461613684,1.223658043,2.136203948,-0.564689145,1.06062694,0.424134592,1.759555865,0.652613294,0.536368882
224,0.480574927,0.551968355,0.276773389,1.14303176,0.63623786,0.013936637,0.508036747,-0.707745055,0.050183574,0.838339454,-1.885633185,-1.759796443,-0.599734825,-0.712167494,-0.665466324,1.362929798
227,-0.304245804,0.326153102,0.380249085,-0.047620346,-0.307618463,0.255257328,-1.034948176,-0.520460642,-0.414076511,0.342048674,1.189549865,-0.700253456,0.602400265,-0.133716384,1.245836053,-0.995158261
230,-1.549462172,-0.789064974,-1.975867333,-0.116421445,-0.818132935,-0.960410391,-1.388562541,1.307688711,-0.302096326,-0.190071717,1.511767327,-0.257273667,1.036198156,-0.658122004,0.684257825,-1.833727193
231,-0.740129798,0.159963386,-1.100843806,-0.822421487,0.102360795,-0.582123178,0.223890365,-0.412109239,0.372575823,0.164499966,-0.053157994,1.300023843,0.795965122,-0.783232843,0.972004612,1.056436981
232,-0.134249095,-1.159260187,0.198918735,-0.654906104,0.075761535,-1.171545836,0.633561701,1.807527094,0.632210327,0.428313066,-0.068336834,2.403706877,0.944681504,0.605576107,2.589285289,-1.110886191
236,-0.019647622,0.564646395,-0.281808444,-0.884830561,-0.438804882,-1.182391551,0.488721095,-0.813584167,1.089579894,-0.766234663,-0.680595235,-0.960147479,-0.560537278,-0.794570231,-1.356848145,-1.521727919
237,0.510238717,0.883049953,0.185832597,-0.064880538,1.118071724,0.839111684,0.69885898,0.482387348,0.175282154,-0.222893257,0.700859726,-0.052102647,-0.480995915,-0.44218831,-0.159191598,-0.108306243
238,1.150512573,1.187370656,0.055764338,0.603648528,1.560274896,-0.999864616,0.341581454,0.801018872,0.668845358,0.822896639,0.418696936,1.255706515,0.647543851,0.120070233,-0.798117978,1.050874986
239,-0.082356181,-0.294340077,-0.657003967,-1.20515473,0.216158834,-0.814596352,1.034727298,1.706643551,0.608053963,1.340521041,3.0124996,0.446902446,1.252355484,1.206043822,0.633555212,-0.732180967
240,-1.048415729,-0.446011053,-0.035303676,-0.60731821,-0.545640669,-0.535342449,-0.809473535,-1.318506263,-0.47849723,-0.895380694,-1.164068431,-1.966020489,-0.718236219,0.143005854,0.459335692,-1.328759122
246,-0.603787702,-1.506943106,-0.96581872,-0.099446038,-0.399978058,-0.091257854,-0.726634226,-0.589884502,0.633992257,-0.127063767,-1.021996623,-1.16833779,-0.538514699,-0.331200543,-0.322850126,0.275998826
248,0.534302776,0.863201424,0.171571544,0.04149141,0.956942243,1.859903237,-0.671183234,1.323175814,0.780630331,0.334329625,0.244216154,1.007547583,1.310049871,3.171789268,0.046265241,1.412117088
249,-1.23336641,-1.27400679,-2.467120833,-1.168983736,2.372271689,-1.449445326,-1.219664457,1.795810644,-0.892598994,2.460781245,0.523746146,0.874203947,1.265158105,0.64438023,-0.081967294,-0.431249806
258,0.57510208,-1.052700356,0.483847142,-0.283553209,-0.255474899,-0.301095667,0.113822744,-1.106079273,-0.904055201,-1.031781722,-1.050565898,0.018455573,-0.651701387,0.16830148,-0.044339232,1.236690063
261,1.065511497,1.393095582,0.534163692,0.800446769,-0.35443678,1.109992044,-0.341202002,0.028639348,1.786878005,-1.671168094,-0.761741726,0.091606668,-1.399200899,-0.646757449,-0.195983617,0.415480676
263,-0.299184601,-0.476477613,0.506060207,0.593292949,-0.411566562,1.376346782,0.186507751,0.175966079,1.108983684,-0.630848177,-0.201957786,0.011008986,0.880122546,0.288369365,-1.630592912,3.059320741
265,-0.820031338,0.501934165,1.061422791,-0.287442236,-0.844872169,0.171557348,-1.099219828,-1.702289647,0.624576758,0.076869325,-0.972828231,-1.179951799,0.617652207,-0.978617261,-0.833136432,1.10784868
266,0.807199301,0.216199427,-0.973071376,-1.59567856,-0.662471158,-1.496899427,-0.979755764,-1.487521248,0.171739117,-0.456227141,-1.845384532,-1.712239346,-1.604205804,-0.057066583,-0.021572718,-1.048414705
267,0.432022409,0.868416892,1.050604442,0.006206907,1.033079123,0.319614576,0.989614756,-1.016392113,-0.430424542,0.068822451,0.314816213,1.698319526,0.939022954,-0.182797679,-0.321216707,-1.595934789
268,0.296477206,-0.083191417,-0.545178133,-0.481727471,0.77719246,0.779009737,-0.374833432,-0.30316928,-0.771964272,1.458783111,0.9102775,1.547395071,1.611749274,0.459489122,0.626834248,0.854493641
271,-1.593098343,-1.292929537,-0.885707454,0.925057711,0.625033138,-1.62929148,-1.341263024,-0.45763403,0.507136989,-0.967806647,1.089131503,-1.494870447,-0.571635906,-0.017684139,0.05413018,-0.629869334
273,-1.032273956,-0.183720406,-0.644723463,-0.939517793,-1.051755238,-0.580710378,-0.229214242,-1.635987355,-0.843381689,-0.086171652,-0.425380758,-0.977317885,-0.420080149,-0.114635633,-2.062541074,-0.674604422
275,0.005070244,-1.581445513,-1.117855828,0.028597268,2.255795774,0.069198885,-0.031304627,0.810613368,-0.559435819,-0.393940233,0.751306508,-0.488911333,-0.617714927,0.549325199,2.401329784,-1.629756949
278,-1.078497089,-0.407733265,-1.422051049,-0.424498595,-0.843149711,-0.734703763,-1.452698222,0.082230348,-1.387036161,-1.353546221,-0.726947727,-1.59269378,-0.747461082,0.061697944,-1.085150292,-0.891363197
281,-0.078123352,-0.898867217,-1.269763798,-0.018164842,0.421913694,-0.379346216,-0.01410804,0.106149232,-0.388868471,-0.40391574,-1.481689804,-0.176302291,-0.121725349,-0.730196681,0.063066124,-0.162333672
282,-1.240333396,-1.025019023,-0.860440867,-0.658814499,-1.417158368,-0.183865074,0.584099345,-0.759775744,-0.184242769,-2.170877659,-0.928609536,-1.086065149,-0.905532047,-1.181875557,-1.40953921,-2.627145234
286,-1.77178789,-1.13210245,-1.032660092,0.010660919,-1.170907087,-0.764703083,-0.976432635,-1.299102525,-0.540936552,-1.549843119,-1.245320318,0.783772005,-1.739794079,-1.212727949,0.043000467,-0.60996704
292,1.291289142,0.587799601,1.039176068,-1.222975912,-0.486709131,-0.374288668,-0.302576737,-0.209939075,1.310501278,0.621800461,-1.319797309,-0.637651197,0.504802819,-0.642844837,-1.178925354,1.465033213
293,0.202727054,-0.797490148,-1.696060497,-0.847791565,-0.710668971,0.462384304,-0.069336296,0.757543933,-0.11256447,-0.310361973,-0.261569352,0.460601147,0.065533703,-0.226357252,-1.129626943,-0.493127627
294,0.039700418,-1.531965513,-0.567119334,1.102584358,-1.154028319,1.091198434,-0.246568146,2.589634854,-0.832376367,-0.462808019,0.548293161,-0.338670201,0.649394967,0.385652717,-0.51319958,-0.606288276
295,1.112607844,1.364226826,0.823373915,0.891564393,1.144458791,1.148764351,0.740007968,-0.418917438,0.546863949,0.077030141,0.695985375,-0.193373404,0.238926054,1.287125965,0.218196581,1.497891085
296,0.325586666,-0.460080574,0.699528719,0.343952718,0.45254627,0.59192126,-0.375754493,0.684584915,-0.578510046,2.191594263,0.535197519,0.014508837,-0.143272721,-0.324108854,1.046112411,1.469835526
302,0.172052439,0.877953595,0.219425793,1.090948854,-2.237183339,1.496206632,1.435153065,-0.04832469,0.135167919,-1.623645374,-0.254900248,-0.149649182,-0.153470588,-0.727096603,-0.326949734,1.090448492
305,0.967239189,1.029397137,1.004560805,0.897292056,-1.251880326,0.105082066,2.208841417,-1.92173361,1.019168997,-1.839989533,0.324163255,-1.700396708,0.160798035,-0.440222151,-1.900716152,0.492139232
306,-0.57716823,-0.876848455,0.081543106,0.498137783,0.88381456,-0.19455264,-0.646890355,1.338168287,-0.421361792,-0.62646605,-0.116071967,-0.744865625,-0.011413599,0.404805642,0.05374631,-0.95111234
310,0.467908575,-0.053148362,1.080767454,0.254932665,-1.164926827,-0.66182927,0.578525178,0.351989018,1.248917654,0.217761729,-0.591946719,0.571905364,-0.876303727,0.546599872,-1.250379896,2.327603477
314,0.566745557,-0.6864463,-0.436538933,-1.809416407,0.045626732,-0.21705055,0.641738373,-0.856191112,0.393208706,1.647541386,-1.348377884,-2.001024179,0.775860615,-0.808333509,-0.934964305,-1.316092474
316,0.656064186,-0.474252936,1.268496549,-0.509812924,0.789129674,0.73876726,0.707154786,-0.127272367,0.768648995,1.04552198,0.421618607,-0.943824022,-0.019918787,0.824054023,-1.084761119,0.370481959
317,1.497555997,-0.136015067,1.095421447,0.846643499,-1.190975604,1.248228938,0.830444439,-1.030455531,1.836803441,-1.290356904,-0.543997804,-0.070837533,-1.807800022,-1.594050235,-1.645239096,0.642296176
318,0.765527366,-0.657882562,0.390345182,0.613997944,-0.348154161,-0.160247732,-0.11892809,0.716871503,1.364442477,1.929324693,0.287169904,1.883643595,0.466453854,1.362049785,1.179407846,-1.183787719
321,-0.951794402,-0.684034591,-0.008911108,1.208437434,1.187591894,-0.852904953,-0.253687854,0.517756289,0.356318316,-1.397385589,0.4956344,-1.304931103,1.057944691,-1.120583938,-0.740893447,0.942475254
323,0.063085751,-0.081620344,0.651143429,1.671285852,-0.400071088,-0.156093986,0.860885313,-1.912837134,0.174926771,0.315677104,-0.76350995,-0.48894201,-1.697737349,-1.087136956,-1.101967674,2.028904859
326,-1.078712781,-2.391161953,0.792926738,-0.342784935,-1.038872183,-1.461756722,-2.22936218,-0.641536462,-1.142401924,-0.422395829,-0.646849434,-0.497808123,-1.999986641,-0.553271629,0.548368387,-0.692315122
329,-1.016809848,-1.041117636,-0.15823414,0.53352246,-1.107078817,0.052529022,-1.569178922,1.03712521,0.149983287,-0.600782952,-0.160727981,-0.649138153,0.301650693,-0.564928844,-0.263309129,-0.156371014
331,0.175317822,-0.139110026,-0.682671918,-1.312868553,0.219353049,-0.464358715,-1.350354223,0.324332933,-0.878347756,1.706430699,-0.061352542,0.999320406,-0.483982001,1.135100976,0.98792214,-0.304016912
341,0.799056503,0.65295616,0.124778922,0.184071591,-1.116527139,0.705164966,0.773425276,-0.616188251,2.8142804,-0.783058811,0.670258099,-1.221470267,-0.912544446,-0.577282853,-1.962882201,0.847908802
342,1.296232364,0.215493901,-0.336208105,-0.563614876,1.233345554,-0.4589876,0.372504684,0.100740566,-0.088183663,0.663703095,1.763219579,1.037144053,2.653049724,0.646247268,0.121571148,-0.871066199
344,0.931388897,1.333110763,1.271808989,-0.696799131,-0.433910477,-0.161821639,1.004528103,0.757652565,-0.842248222,1.174959357,0.559610299,-0.838478443,0.66069905,0.167930485,-0.116675609,-1.356155423
345,1.978365237,0.729774139,0.284662258,1.541702879,-0.394688227,1.211569735,2.630281491,-0.281621335,1.998667754,-0.920984914,0.168448584,0.676551873,-0.165417346,0.245697721,-0.358658002,2.068709614
347,-1.454600802,-0.42229156,-0.841908955,-1.349373391,-0.86203395,0.208168508,-0.472586744,0.249628973,-0.248862723,-1.627800201,-0.262025974,-0.85447288,-0.514425657,0.028614447,0.034079514,-1.47197012
348,1.894620062,0.610833306,2.072921975,-0.264220274,-0.614080946,1.369437632,1.67119356,-0.186410898,0.388415806,-2.674539055,-1.329852236,0.282754178,-2.377016991,-0.447568914,-0.058262628,0.110036803
350,-0.970740584,-1.159055506,0.259931764,0.164525637,-0.723624174,0.062414727,-0.833679725,1.009758414,0.368146384,0.396745596,1.155570864,0.929581582,-0.057151672,-0.11379064,0.157519808,-0.904378699
351,-0.270802186,-0.872867494,0.008630378,-0.199692797,-0.489147898,-1.454089195,-0.664064023,-0.461347161,-0.536644946,1.246730713,1.063730705,0.072433578,1.565286417,1.21712652,0.65083793,-1.218109972
352,0.812989595,0.075435362,-0.002783527,-1.026259188,-0.808935015,-0.245339249,-0.244308142,-0.006888754,-0.427334991,-0.994523495,-1.884239609,-1.013677293,-0.885450145,-0.353227839,-0.521967751,-0.387265263
353,0.660730076,1.155990889,-0.830051806,0.547082371,-0.62053439,-0.101961264,-0.858398045,0.456511521,-0.646145315,-0.373909787,0.312277913,-0.477319091,-0.539528706,-0.689362479,0.892529625,-0.348172995
354,0.307992818,0.125014125,0.801294246,-0.034092079,-1.273229486,-0.546435784,-0.795156261,-0.190056755,0.234782309,-1.280548179,0.518259363,-1.100531686,-0.697548005,-1.174774932,-1.478364037,0.983638592
356,-0.808424644,-1.561541602,0.351246428,-1.97935216,0.027885302,-0.737365262,-0.579439155,-1.549543543,-1.706222983,-2.245583482,-1.467177452,0.564838543,-1.305201451,-2.18993638,0.228192409,-0.214678132
358,0.72689341,-1.196477517,-1.761794156,-0.513324784,-1.04194652,-0.414747938,0.543214353,-0.944506983,-0.22864196,0.742476993,0.217206102,1.608206171,-0.436508695,1.280418672,-0.773021704,-0.135071051
359,-0.773393103,-0.043069533,0.420136357,1.645741004,1.869781747,-0.855413045,-1.239569133,1.224945489,-0.65092051,-0.684969404,1.877804539,-0.202877671,0.43468069,0.749656668,1.838005395,-0.602727655
362,0.162880822,0.133142908,1.882855658,1.25005447,0.04879308,0.160920063,0.743320789,-1.699128527,0.279283164,-0.379115743,-1.274573597,0.738945587,-0.441261883,-0.085615824,0.109851077,0.212564089
365,0.856083021,-1.684578606,-0.118478333,-0.689056095,0.773823836,1.194973509,0.270705059,1.533365632,0.01122599,0.500419377,0.402512239,0.206568142,0.051471598,1.327497621,1.346903285,0.370893565
367,0.297379594,-0.23701978,-1.177289548,-0.687322445,-0.575938489,-0.885303387,-1.557305914,-1.081178702,-0.879795298,-1.860170308,1.388493532,-0.114814378,-0.27002677,-0.688442618,0.125536316,-1.362867919
368,1.730745731,1.970959912,2.694446064,1.097314581,-1.432828805,2.505395745,3.136821417,-0.967074962,2.144229893,0.116426121,-0.150553318,-1.053729353,-2.022276325,-0.940234286,-0.651782687,1.010779263
369,-1.224003139,-0.951773976,-0.302607983,-0.707765221,0.686495002,-0.804488498,-0.644804361,-0.714739844,-0.158253477,0.726898307,0.083737619,0.483514219,-0.233399812,-0.044009364,-0.229977476,-1.405010925
371,1.198658247,0.602808436,0.271169632,0.440700131,-0.162357771,-1.051857484,1.037445877,-0.866277962,0.747287907,-0.572727029,-1.409920345,0.136829362,-1.196328716,-0.096394529,0.232732658,-0.892643043
372,-1.37770617,-2.489470936,-0.939750815,-0.41537739,-0.505003576,-2.086866601,-0.84805632,0.146932052,-0.621619714,1.534451335,0.303849498,1.176040246,-0.077391138,0.586282668,-0.890957186,-1.859556652
373,0.59091622,0.104784355,0.364614962,0.836572728,1.495845529,0.634186377,-0.447944681,1.601558542,0.583908425,-0.96432946,-0.951760675,1.662048812,-0.662538437,1.09943264,1.127510317,1.238869767
374,0.364228981,0.884637686,0.456385599,1.244762615,-0.029957579,-1.358030688,-0.132203906,-2.483230801,-0.484077359,-2.812629928,-1.9621578,-1.574466498,-1.77227265,-2.46397406,-0.461862681,-0.034178442
380,-0.945131986,-1.357740501,-0.385008369,-1.191418688,0.140486612,-0.643400792,1.042309536,-0.576653401,-1.222703865,-0.511435831,0.148678395,0.116526771,1.104978257,0.828037044,1.263049957,-0.370949658
382,0.172024502,-0.918497461,0.28021678,-0.668734639,1.363975673,0.592551021,-0.377148996,0.545717237,-1.838099759,1.191212406,0.309884578,0.577267261,0.037989449,1.538712376,0.971608962,0.012416856
383,0.176015549,-0.56824657,1.428713429,0.766565865,-0.206906358,-0.554418902,-0.484789365,-0.39594704,1.371281094,0.839959952,0.911151124,0.782476701,0.489010553,1.327670359,0.682231642,0.355754551
384,-0.912394982,-0.853858921,-1.099605568,-1.487517543,-0.293009725,0.305987678,-1.222736178,2.511619846,-1.096874326,-0.294027245,-0.472840352,0.771421969,1.038251795,0.582073959,0.720231175,-2.138921046
386,-0.086028569,-1.395634647,0.374349572,-0.603384798,-0.825461118,0.654687149,-1.425844626,0.462809253,-0.352560802,-0.45972863,-3.295337039,-1.629333429,-1.360675121,-0.203136635,-0.702931702,1.104520039
387,0.402820967,0.527144003,1.627223208,1.038191015,0.111277396,-0.027675544,0.473431417,-0.224128189,0.568191429,0.029945644,-1.272144235,0.342658758,-0.178896321,0.441323301,-0.930805736,1.088927735
389,0.144122882,-1.109953666,-1.61961719,-0.457621953,-0.878559002,1.035381454,-0.991555141,-1.619202083,0.328543997,-1.807121702,0.399303299,-0.811307133,-1.142499383,-0.484474233,-2.171833378,1.606624083
392,-0.031756935,0.766785225,1.24795876,2.933983674,0.430651411,1.199277964,2.181075703,-1.588894258,1.563951599,-1.649483715,-0.609494138,-0.321333208,-1.341293662,-2.335286046,-1.467117323,1.096484615
397,-0.495195951,0.149883164,-1.290157461,0.438671404,2.880419596,0.566859021,0.717110283,1.740020823,0.396037164,0.377852394,-0.176327711,0.853910918,0.919773033,2.171567139,0.289750881,-0.991451481
403,-0.045533741,0.904488393,-0.488149752,0.540697191,-0.102717041,-0.111521542,1.073420276,-0.823546642,1.980129678,0.787658926,-0.553883956,0.123863609,0.476922104,0.384767618,0.049272131,1.450069035
407,0.219234598,-0.054511101,-0.059482525,-0.164899912,0.277259816,-0.514608297,0.109217609,-0.764990035,-1.524508747,1.634866154,0.661181091,1.078025592,-0.498273639,1.550236082,0.685921929,-0.48126977
409,1.4986642,0.092323262,-0.141551051,-1.181557743,-0.450312544,0.246038437,-0.269337272,-0.873360139,-1.718050307,-0.218375828,-0.296032969,-0.506656786,-0.375941439,-0.826343502,-1.448900537,0.519614747
410,-0.968296196,-1.860775517,-0.891419095,-1.233038408,0.388444601,-2.364258078,-1.710796419,-0.276701901,-0.369600972,-0.638112475,-0.43926785,-0.403627981,-0.657877101,0.326390663,0.081447151,-0.549847287
411,0.616425709,0.19137904,2.854364455,0.947494343,0.187383127,1.984001607,0.922627985,0.053146671,1.221754279,-1.349721875,-1.114347052,-0.59100063,0.029392955,-0.388645277,0.039096227,0.41022221
412,-1.024225893,0.290607446,-1.049799766,0.498717618,0.588261652,-0.02564815,-1.611295475,-0.530347992,-0.572896635,0.701372216,-2.217025351,-0.953650513,-0.29169806,0.027646065,-0.734222856,1.146221745
414,0.11240119,1.774085927,0.60809495,0.745219652,0.513769197,0.317778757,-0.666229004,-0.302657672,0.394031907,0.181652619,0.783042828,0.088244016,0.493140829,0.843501736,1.236108574,-0.893860061
417,-2.260343768,-0.787182328,0.274401089,-1.011394661,-1.190924669,-2.228323893,-1.006704133,-0.01587888,-1.414571913,-0.368579027,-0.853728291,-0.031697041,-1.051925232,-0.678280499,-1.294098894,-2.432078116
421,1.864861449,0.495310656,0.472495566,0.437416561,0.322264343,1.363589771,0.721298545,-0.39829283,-0.273029781,-0.310718633,0.944040563,-0.721894794,0.800168717,-0.008267152,-0.745403825,0.074709797
423,-0.421382734,0.2094803,-0.208526489,-1.089814517,0.941871398,-2.2885051,0.977613977,-0.094420059,-0.414749568,0.422074674,0.902401569,2.336546422,0.694695653,1.647192088,0.563621372,-0.852967232
424,-1.425876568,0.755432375,0.292224598,-1.075890946,0.776137187,0.408575946,-1.364858187,-0.257017492,-0.51145948,0.987465694,0.555864061,0.848677593,0.494888858,0.047489044,1.061107743,-1.404894144
428,-0.746133729,-0.552967867,-1.060820301,-1.236674528,0.322129258,-0.955760043,-0.948179173,0.967108042,-0.080480733,-0.029903156,0.199530646,-0.060431752,-0.952644087,0.983477443,-0.450700919,-0.773185796
429,-0.06610237,0.312198428,1.0553442,1.02855522,-0.327879921,0.101621044,-0.79522639,-1.004304908,1.534899279,-1.503402598,-0.123230091,-0.806823238,-0.85066348,-1.331002172,-0.082239673,1.568953635
430,-1.878111349,1.189920222,0.602590703,-0.467868972,0.531769944,0.755089372,0.691606981,2.565324393,-0.271524409,0.434293313,1.440736976,0.689489132,1.630956482,1.108513528,0.310986557,-1.888798217
431,0.616637181,-0.122095363,0.094242027,0.201428598,-0.936416874,-0.561009108,-0.055223109,-2.438575528,0.381238058,-0.657639406,-2.039817734,0.955166362,-0.15306459,-0.666149796,0.420762008,-0.037256327
432,0.547432235,-1.183762043,-1.226149796,-1.804426545,1.131023925,-0.94020905,-1.643008654,-0.494273322,-0.808604835,0.603715615,-0.707541513,0.963948616,-1.468377407,-1.305517883,-1.202251479,-1.737278209
435,-0.835352251,-0.304476783,0.372230068,0.661653004,-1.240944008,0.141691967,-0.380336707,-0.833938768,0.039986173,-0.474646929,0.160016732,-1.464329089,-1.795109298,-0.331036877,-1.378799389,0.085145861
436,-0.637448875,1.028702651,1.215209048,0.455270752,-1.494968931,1.061807094,0.104796227,-1.931678809,0.947621314,0.055634769,-2.049292704,-2.823347637,-0.352539584,-0.79991121,-0.299903971,0.253051546
438,0.481689807,0.995219994,-0.54969937,0.106496784,-0.961472879,2.12130629,-0.743572795,-0.198915486,0.747514025,0.863926441,-0.474298423,-0.883117702,0.969640795,1.046744029,-0.180556937,0.606622668
440,-0.23773,-0.516164893,0.157437302,1.167731119,-1.21903992,0.575698026,-0.526784472,-0.237761397,-0.445623713,-0.547932018,-0.534455187,0.269094896,0.15179852,-0.324067139,-0.223583859,1.214507133
442,0.636257854,0.399046541,1.165051173,0.529758663,-0.668341007,0.94424008,0.373282462,0.845451647,-0.31254828,-0.385989774,0.683222641,0.339917806,0.038004205,0.184919025,0.427406855,1.155690852
443,-1.180631198,-1.512224986,-2.134530715,-0.791703369,-1.077647538,-1.155780327,-1.898119971,-0.503568291,-2.658649425,0.11377504,0.677189042,-0.698831876,-2.094617399,0.938030715,-0.988492737,-1.040296232
444,-0.444105777,0.405928668,-0.492560939,0.234763057,0.317634154,1.261339503,-0.278413587,0.492101192,-1.514711612,0.8168297,-0.205326961,1.045526731,-0.464804975,-0.084606703,-0.312192158,0.503946463
448,-0.45022814,0.037360366,-1.013730064,0.096809166,-0.727463587,-1.033514679,-1.156065937,1.31506783,0.331610978,0.408647425,-0.232034754,-0.297421846,-0.096846295,1.972255406,0.545559901,-0.051936249
450,0.309566107,-0.229134492,-0.632290194,1.753112295,0.271756035,-0.226701248,0.890171716,-0.049408447,-0.225037448,-0.62427497,0.596292141,-1.53836395,-1.060470077,0.509356029,0.521053551,-0.294897789
453,0.830944712,0.377261043,0.902435991,0.040588817,-0.623603314,0.954124073,1.605960996,-0.361921236,1.347500476,-0.303343198,-0.825411852,0.048674689,-0.145870301,-0.648099353,-0.076869927,1.678527816
455,-0.840454299,-0.43991984,0.565759693,0.036414123,1.299317183,-0.077581455,-0.283218276,-0.105296991,0.809842365,1.250115342,0.895460079,-0.51952475,0.864469975,0.802781971,0.958973163,-0.956791015
457,-0.004497614,-1.395952334,0.355366347,-0.64267932,0.296029311,-1.297697078,-0.30465927,0.383116786,-0.038557267,0.778379393,-0.329291871,0.455317611,1.24760911,0.088181986,0.86616485,0.338712346
459,-0.116772468,-0.048033392,0.784850769,0.91523735,-2.332544892,0.298427676,-1.529442917,0.366412751,-0.391594671,-2.7081617,-0.138744855,-1.335231123,-0.501998048,0.473419701,-0.24401362,-1.368445205
460,0.923321099,1.608687516,2.347416596,1.242647002,-0.198975493,0.701412757,1.396415318,0.590254877,1.182514626,0.582248154,0.3852,-1.295905907,0.065280953,0.044018487,-0.223947572,-0.381219272
462,-1.501102034,-1.890334157,0.132857832,-0.366538323,0.723397795,-1.242465889,-0.527346996,0.413462015,0.479204777,0.15494334,-0.888928408,-0.026121153,-0.753686056,-1.66784974,1.794839937,-2.265391259
463,0.221335596,1.63564982,0.260334372,0.856529431,0.886070516,1.356866993,-0.446623933,0.348744274,0.971099621,-2.093899508,1.457256169,-0.529049697,0.993499384,0.983204373,0.81328781,0.046049003
465,-0.599967073,-0.083218911,-0.291639929,0.593680807,-0.617363657,0.458687589,-0.58263433,1.305182926,0.494249295,1.500240074,0.443137864,-0.415308003,-0.491123719,1.151820705,-0.823541831,-0.982634884
467,1.594170209,1.141685578,0.495377379,1.882572435,0.500439151,0.847065599,0.960605636,-0.170350102,1.915173742,-0.177308701,-1.49096607,-1.178282384,-0.350013289,-1.046103618,-0.207438387,0.737221252
468,-1.049474362,-0.606479587,-1.691237598,-0.652960862,0.758734805,0.093121878,-0.89258138,0.249063794,0.298144902,1.260852983,0.542656799,-1.805918139,0.119976183,-0.128494619,0.152856911,-1.240171861
472,-0.527826749,0.962026088,1.807117069,-0.408775256,0.437952974,-0.86171043,0.632003868,0.860462263,0.076932655,0.141918977,0.226894124,-0.728156551,-0.166861178,-1.173251889,-0.217002859,-0.285317462
473,1.107886395,0.998875956,-0.547293914,1.523349357,0.8626608,0.055535785,0.30849786,0.974357253,-1.226628206,1.583364421,0.492018184,2.367008038,1.809672905,0.672548863,2.039331331,1.731071805
474,0.314136268,0.701819227,-0.356815964,-0.207815685,0.302596021,-2.322862467,-1.213586255,0.085315457,0.289619044,-0.483632229,-0.631581585,-0.020300536,0.777172646,0.132662779,0.596900599,-0.145044884
476,-1.390110357,-0.98761628,-2.290514104,0.574502538,-0.655983156,-1.011346994,-0.389833775,-0.74295313,0.667469632,-0.330160354,0.083682701,-0.630442022,-0.39617112,0.686101384,-1.372104879,-1.086543864
478,0.301093079,-0.293551537,1.869878983,1.326866582,-0.203259161,-0.009972909,1.87267472,-1.663696459,-0.843635072,-0.987933086,-0.547894659,0.266873675,-0.16284763,0.124527334,-1.284860584,2.182506261
479,-0.753424388,0.335039241,-0.543941575,-0.18297949,-0.004433361,-0.548274782,-0.500084061,-0.444092736,-0.03709151,-1.320925621,-0.854403104,-0.436942768,-0.326904447,-1.113214612,-0.550493769,-0.103119682
481,0.456082432,0.87634373,0.719297084,0.056885385,0.111733425,0.917317519,0.631962219,-0.568398985,0.107780373,-2.302089263,-0.950773645,0.590701067,0.065468154,-1.177623188,0.430081662,-0.145872595
482,-1.190451147,-1.673125861,-0.776017657,-0.216615655,0.471436077,0.56573748,-0.917931267,0.406621321,0.602707432,0.544832601,0.913981194,1.047452196,-0.706038233,0.879927908,0.249849446,-0.490846706
483,1.159823956,1.326204356,-0.367754931,2.525613121,-1.732754779,1.229835246,0.093023594,-0.685984499,0.432489582,-0.717709235,-0.169913586,-0.837483282,-0.712560009,0.396188923,-0.811885341,0.057397663
485,0.487408855,0.236502773,0.11970886,-1.350048376,-0.093710055,0.902421475,-0.073414015,0.199128741,0.780810248,-0.824073323,-0.795920678,-0.706560501,-0.729901124,0.450120105,-0.932977518,-0.742023377
486,0.570393944,0.176501257,1.180903844,-0.174658712,0.201604751,-0.241236627,1.285940163,0.537633193,-0.591950318,1.874140434,0.916278551,1.400338653,0.768227548,-0.687887639,-0.600862831,1.422586418
487,2.242236456,-0.752675862,1.757170728,-0.050732126,-0.808988725,1.022391554,-0.062671449,-1.28938536,0.202180664,0.431026564,-1.550100243,-0.48289927,0.163140649,-1.102910816,-0.053826893,-0.425671376
488,-0.711742545,-0.652665794,0.704743473,1.16009721,0.203548025,0.568805963,0.299626228,-0.63023126,0.395150749,1.339709203,0.098885817,-0.703907938,-0.925259303,0.249424488,0.138756562,1.362334663
489,0.330951361,1.464782564,-0.041350539,-0.242791014,-0.683657143,0.124932154,-0.185621217,-1.737945251,0.923526379,-2.248987046,-0.217327895,-1.366196567,-0.849050311,-0.355033599,-0.478291782,-0.125691069
491,-0.087059225,1.433461849,0.199491075,1.118642366,-0.463284373,0.448903297,2.32019995,-0.875014787,0.196873862,-0.267286266,0.142140664,0.197902335,-2.509603561,-2.330274242,-1.49209404,0.196394338
499,-1.657944268,0.683216922,1.103886281,1.303214909,-0.334977289,-0.292630103,-1.01281414,-0.445607183,0.23133807,-0.040660532,0.990661642,-0.838295915,-1.357614804,-1.229314615,-0.683594223,2.12032718
500,0.231954253,1.430062519,-2.885993666,0.270340207,0.834741123,0.799884538,0.353003433,1.966063342,-0.060888888,0.05083876,-0.423008121,0.234416048,0.371723721,0.211073623,2.417303843,0.17680705
504,0.487531462,0.533194782,0.744673849,0.595306759,-2.693793437,0.96875468,-0.145579508,-1.068855293,-0.427993761,-0.946855153,-2.034492835,-0.814058642,-0.667139263,-0.806941842,-0.371075342,-1.205389034
505,2.945207783,1.321910499,-0.287536884,1.775317323,0.195157168,1.565364602,1.460178091,0.566182313,1.487462258,1.126461699,1.21278223,1.538270173,1.105454156,0.26675931,0.844954153,1.513867988
508,0.031043023,-0.059434462,0.216140124,1.233628147,-0.052957829,0.411986092,1.158831179,0.36714459,1.181093532,0.265184318,0.494392229,0.679875347,1.133894491,0.653399662,0.039433349,-0.137038814
509,-0.12472037,-0.243081208,0.702464136,0.948697638,0.557067814,1.996469907,0.079361954,0.329844102,-0.767018651,0.087375886,0.748630569,0.351282515,-0.83390204,-2.161403842,1.306190442,-0.099267952
512,0.51637961,1.965239599,0.163943968,0.860082558,-0.81735463,0.279220783,1.500805629,0.235900687,0.839273809,-0.107559239,-1.34031125,0.188004175,-0.833639938,0.527573144,-3.076375136,1.309685535
514,-0.557064446,-0.877120333,-0.392420859,-1.691340972,-1.722321899,-0.815330629,-2.586524443,-0.426181227,0.041419036,-1.546765306,-1.994986638,-2.897505669,-0.537152407,-1.267262492,-1.533067889,-2.039284832
516,0.187117657,-0.535513771,-0.246328335,-0.405177882,-0.590157596,1.547366814,0.109755204,0.020045454,0.029840176,0.80466326,1.655931301,-0.679686821,0.300375687,-0.039529211,0.519472237,-0.666938796
517,0.52722114,-0.123938448,0.202990533,-0.124916631,2.435207718,-1.002278716,-0.239331752,1.598038384,0.317959022,2.717996053,1.554599097,1.591765051,2.911650182,3.306329463,1.139276999,0.047651739
521,-1.790352976,-0.447348109,0.094783572,0.574325444,-0.814088986,-0.665247623,-1.069046777,0.309125195,-0.632166838,-2.724304285,-0.314916431,-0.569996258,-0.278072388,0.549099656,0.562249528,-1.884788692
526,0.442533721,-0.795622419,-0.148792277,0.744456379,-0.041465298,-0.220858417,-0.332270308,0.384828934,-0.547691825,-1.404434181,0.140080983,-0.042332235,0.172914488,-1.775674864,-0.821918709,-0.656517162
527,-0.336168622,-1.034466992,-0.609625433,-1.115202015,-1.432271672,-0.756035185,0.496831382,-1.382748604,-0.827683542,-1.936522445,-2.037274046,-1.958058779,-1.978048863,-0.261986781,-2.159765177,-0.956043348
529,0.657593085,0.35660175,-0.873727086,0.126282308,-0.081735423,0.560750973,-0.882846582,0.595682111,-0.493897592,-0.033432447,-0.956149975,0.014332545,-1.077310535,-0.745127676,-0.49016672,0.330094891
530,-0.805836719,0.936033374,0.648911371,1.112093228,-1.073799017,0.719524414,-0.718825379,-1.077723924,-0.121887929,-0.006542619,-0.368401241,-0.774763604,-0.114298441,-0.926452527,-1.012656983,0.508132574
531,-0.827058159,1.086112633,0.835923729,0.798313743,0.672769139,1.158960272,2.12771162,1.805430091,0.725125654,1.643603411,2.387148557,2.251486409,2.499603354,2.35362231,2.378443579,1.148878289
536,-0.872918354,1.971556351,0.868612531,0.232335668,-0.0951154,0.702299765,0.459628903,0.011591017,0.831664503,0.426919497,-0.172635953,0.945760133,-0.568276427,-0.131813241,0.470410065,-0.688123147
537,1.890099523,0.278306468,0.995691648,0.312752116,2.206309702,0.664857489,1.28119692,1.473418487,1.160642732,1.064890722,1.901462562,0.574262314,1.481041306,2.1777376,0.503264823,-0.894392509
538,-1.906436404,0.048010265,-0.488178281,0.831280014,0.39934643,-1.015742977,-0.028303888,0.387198209,0.441230398,0.149606544,-0.086206576,0.499191398,0.52334809,-1.8519183,0.828867567,-2.143776846
542,-0.699425657,0.191259194,-1.544732801,-0.862671905,0.553004165,-0.002412553,-0.465483784,0.104264267,1.174829177,1.293934569,0.649649356,-0.747801594,-0.45366006,-0.311071979,0.460060463,0.093860023
544,0.787187449,-1.413453879,-1.313951254,0.900835352,0.89726854,-0.247909935,-0.865418517,0.125679222,-0.084287194,0.726457827,0.189619049,-1.605600981,1.047961365,0.494831826,1.454586031,-0.760912431
547,-0.590567203,-1.172182764,-0.470074653,0.182317732,-0.035541484,-1.272071156,-0.346902468,-1.712786232,-0.161108972,1.234912947,-1.959598695,-0.450527231,-1.101779285,-0.527067119,-1.363655787,-0.577346502
548,0.24598833,0.708141732,-0.954721041,-0.426013869,1.275785795,-1.575941645,-0.625905777,0.288017657,-0.456624638,0.878939924,-1.623452369,-0.384921905,0.124283009,0.378386295,0.726838299,-0.321469838
550,-0.21319906,-0.111033581,-0.1619446,0.31981718,-0.50091166,-0.603462899,-2.246886123,-1.769762145,-0.695697867,-1.128824035,-0.164351804,0.24792563,-1.235835508,-0.955870064,-0.760010876,-0.530215872
552,0.345899772,0.494633039,0.877805389,-1.09567788,-1.341386389,1.119386827,-1.156866086,0.258045714,-0.623265848,-0.222941024,-1.354632427,-1.629005078,-1.588656223,-0.861118622,-1.485181868,0.855480447
553,-0.874152411,0.644257383,1.257867937,1.338778535,-0.263745993,1.457108448,-0.477059449,1.024830608,0.113986574,0.480872166,-0.175961655,-0.696909171,0.747272478,-0.076778743,0.062764469,-0.180124673
554,-2.657384586,-2.316410161,-1.284509914,-2.375437428,1.037818085,-1.993610771,-1.429795251,0.682411202,-1.584221527,0.18506523,0.753982127,0.693962967,-0.212874968,0.123290944,1.35376455,-1.502497877
557,0.559267059,-0.281758678,-1.174336254,0.908497122,0.222344999,0.50311331,0.202595209,0.919213216,1.304388146,0.281751885,-1.159915249,0.638430328,-0.649806553,1.036031437,1.05156376,-0.607771846
558,1.649607608,0.18115801,-0.36151236,0.335293653,-0.223631771,0.570136474,0.749724573,-0.295365015,-0.163193028,0.331377713,-0.357671203,-0.998975958,-0.48424664,-1.048637348,-0.063076776,0.615743382
559,1.195237087,0.367755723,1.177397023,1.382852827,-1.299291241,0.880796312,0.379328875,1.129070513,2.030544682,0.781022128,0.164224671,-0.415523097,0.019658573,-1.467043791,0.22364421,0.660379403
560,1.736581591,0.629057268,1.274698326,2.872591715,1.956233838,1.174347758,0.428916327,0.191304087,1.892223481,0.331837461,1.89457942,1.49256804,-0.125966565,0.670887393,1.754432548,1.122710741
564,-0.778315164,0.292163808,-0.912150628,-0.759003502,0.990146774,0.32912392,1.15626414,1.297355018,-0.435626262,0.986586164,1.223080277,0.499364469,1.228079829,0.322521563,0.302449715,0.456564954
566,0.594245317,-0.022067266,-0.506639013,0.392410746,-0.419583974,-0.171921531,0.125765978,0.346310312,1.249317509,-0.729892878,-0.187861102,0.428264647,-0.14646088,-0.780815813,-1.495033977,0.229911487
569,1.54506904,0.820882666,1.056443089,2.028687293,0.077128057,1.546017142,1.155333035,-0.164323415,0.237882185,0.274459364,-1.090790985,-0.358739647,-1.83415771,0.587113007,-0.671270374,2.58492966
571,-0.76542506,-0.72306757,0.570378187,-0.697097632,-0.959561598,-1.025586452,-1.175077029,-0.127148987,0.119519292,-1.129938507,-0.497364881,-1.197960606,-1.100469863,0.342032322,-0.482087149,-1.233398755
572,-0.453165134,1.562845013,0.237406965,-0.448642421,-0.896234743,0.246411708,-0.788730972,0.487030366,0.84867427,0.795431132,0.402875137,-1.00108462,0.082581005,-1.416386007,0.134554765,-0.128862373
574,1.729202474,1.665873468,1.224315241,-0.758733969,-0.482919851,0.19358733,0.867553972,-0.525001819,1.1630082,0.789138785,-1.074236377,0.191534092,-0.037681328,0.024578142,-0.25831882,1.322876775
579,0.526431087,2.209699615,0.998475831,0.990123898,-0.032873903,1.117798523,1.122500253,-0.746839217,1.492141715,-0.503681914,-0.714597119,-0.289282965,0.815394345,-0.998788164,-0.821600972,-0.588773449
581,-1.914651187,0.070896783,-1.233055989,0.0666774,1.428807908,-0.408376685,-1.150108558,1.426013315,-1.793146198,1.312267602,0.803520091,0.297203378,2.219510664,-0.236777268,1.133364614,-1.461150619
583,-2.246226814,-0.301996688,-0.291443899,0.181818953,-0.636627037,-0.946435831,0.666568801,0.281184595,-0.502137871,-0.432633225,0.653348303,0.901497758,0.508119805,-0.378986193,-0.491864646,-1.748026715
584,0.278089119,-0.042292127,0.386947186,-0.556290342,1.996916264,-0.625423257,1.316225392,1.547480801,0.438685544,-1.011447582,0.263238877,1.35789621,0.402834285,0.783705996,0.168765555,0.310573776
585,0.472063684,1.461174736,-0.158788541,1.104979059,-0.533927272,-0.153729553,-0.994954697,1.387033768,-0.613007759,0.989976781,0.018071205,-0.284735846,-0.13225575,-0.552970475,-0.898348428,1.93089797
589,-0.12542007,-0.961364466,0.284361374,-0.852122084,0.378056063,0.089262463,0.803315752,1.055920495,1.392878225,-0.521480992,0.022049912,-0.415406172,0.679167322,-2.135885005,-0.40743495,-0.220482444
591,-0.663747668,-0.572410594,-0.570735683,0.787482314,-0.185974727,-0.529990365,-1.587314196,1.503214383,0.193778148,1.007563796,1.097922936,1.939722928,1.208310989,0.97408764,0.842995433,-0.646962245
593,1.558082072,1.249099078,1.852604486,1.006679257,0.215136779,1.826876986,0.264219704,0.853276492,0.50559824,0.903900366,0.570549085,0.965328203,-0.539016092,0.307797619,1.847627645,0.438699528
594,-0.566855925,0.562901316,0.185083854,0.077860022,-1.249238366,1.40409485,0.025495463,-0.318946781,0.897470088,0.424312202,-0.396926088,0.549069457,-0.766486758,-0.584488898,-0.953620175,-0.477159501
596,-1.461049974,0.284850057,0.529594889,-0.723112502,0.414882042,-1.24388413,-1.008532099,-1.547351134,-0.878734095,-0.90917395,1.573745109,0.006674756,1.508225834,0.425317538,-0.531144998,-0.616171274
597,0.124035044,0.929355989,0.852126719,1.137084703,0.814254861,0.867147364,-0.312953714,-0.487433844,0.328057662,1.68261682,0.367833693,2.380830232,0.726072548,-0.197324325,0.362210693,1.072360372
598,-0.365283791,-0.588966964,-0.658960789,-0.117530873,-0.328576605,-0.47359639,-0.301055522,1.239586532,-1.17322882,0.313194392,0.983251083,0.414087387,0.829549748,1.811500055,1.013342543,0.842495377
602,0.159201299,-1.00665564,-1.040663919,-0.454144559,0.42070907,-0.13085231,-0.301245737,-0.395510945,0.096425281,-0.498427094,0.993037279,0.498892961,-0.263795029,0.891999508,0.062993316,-0.565052559
603,0.551685687,-0.541385215,-0.687194883,0.25067749,-1.76551188,-0.008057423,0.165898235,-0.069240393,0.768574245,-0.976268335,-0.793882812,-0.773150085,-2.337265787,-1.719188328,-1.230519395,-0.36758103
604,0.130920253,1.480106627,-0.044702882,-0.086427317,0.365926167,0.357715915,0.758187208,0.844540587,-1.210444989,0.964317422,1.132956631,0.910368848,0.437330054,2.498520881,2.7368582,1.094033234
605,0.907789083,0.165837677,-0.199472275,0.851721353,0.043677957,1.099026179,-0.563728445,0.152742093,0.190747711,0.421844246,-1.37896789,-1.287733955,-0.460020278,-0.11355856,-0.245502765,0.768177866
606,0.677634088,-1.582348611,1.364144442,0.237848311,0.538472259,-0.292627372,0.618850523,0.606585244,0.171908116,0.501178596,-0.629477473,0.807963169,1.091822436,-0.083005633,0.045624497,1.676772197
607,-1.277281216,-0.661938936,0.182844925,-0.339548015,-0.438742085,-1.354598901,0.467861985,0.076693936,1.067508348,-1.210224538,0.306868531,-0.673257917,0.062266758,-0.266248455,-0.736863001,-0.298557075
609,-0.967004687,-2.010939493,-0.471975792,-1.561410524,0.00830158,-1.03794062,-0.682881835,0.581616387,-0.608201998,-0.991416731,-0.077617817,0.608069016,0.067733057,0.575497509,0.251049215,-2.097107599
610,0.170656459,-0.288508206,0.459139379,0.760880684,1.444833218,0.393245653,1.587294751,-0.321843101,-0.730935225,0.479196615,-0.35012457,1.857297126,0.207286618,-0.579083909,0.200775574,0.838706175
611,0.430006846,0.857573752,-0.333953463,-0.977705694,0.646636989,0.429528282,-0.07109626,-0.108364798,-0.914789326,0.402123829,-0.618966764,-0.788157713,-0.823858758,-1.393370563,-1.533264988,1.033277693
613,-1.465769165,-2.283119182,-0.878952465,-1.879299237,-1.505390038,-1.223734454,-0.756059652,-1.264450237,-1.640090388,-0.056839827,-1.010913563,0.072100572,-0.850408632,-1.990399474,-0.757421645,-1.690540351
616,1.024481399,0.105298586,-0.84557455,-0.141358716,1.402705598,0.024017478,-0.548549249,1.121050985,0.7990562,0.585816782,1.284620401,0.660848005,-0.401886389,1.997070348,0.737838517,-0.836837674
617,0.615802918,1.218342002,0.256007752,1.371754422,-0.308431822,0.89033232,0.548386998,0.172729489,-0.172954351,-0.019418021,-1.129119157,-0.69652689,-1.378189046,-0.288002127,-0.264958406,0.212157316
619,-0.614508262,0.449424685,-0.617587972,0.075448186,0.022486205,1.388925871,-0.869923652,-0.922493765,0.868234199,-0.415357172,-0.192356633,0.431741883,0.683187634,-0.331694603,-0.689179372,-0.214593196
620,0.30907186,-0.221585476,0.603006083,0.797380022,-0.304814584,-0.665519203,-1.510218612,-0.9529641,-1.804144432,0.255644912,-0.455115207,-0.120614978,-0.464582315,-0.084827702,-0.974054746,-0.908221932
622,1.474479682,1.289912074,1.149582246,1.595459605,-1.772150136,1.470002003,0.362043769,-1.046684923,1.524768057,-1.321002554,-0.839124828,-2.746202581,-1.17549974,-1.859263172,-1.082195468,0.810468334
628,-1.327943382,-0.721811802,-0.307208176,-0.130280516,0.553112914,-1.575449605,-0.678653068,0.867436545,0.237949855,0.306670512,0.627364595,1.513322406,1.281703281,0.477255242,0.17946208,-1.856204244
630,-1.06863198,-0.511976429,-0.123256884,1.323649971,-0.755303852,-0.830301348,-1.046566047,-0.186387173,0.537051822,-0.123419053,-1.069274937,-1.389491718,-0.188153772,-0.733340267,-0.154617822,-0.284051988
631,-1.110199133,-0.501888813,-0.950325349,-1.552487217,-0.225525968,-2.353032805,-0.982076921,0.337952232,-0.930156872,-0.481240946,1.878024626,0.463896392,-0.073285541,-0.345965079,0.223391881,-1.512690002
635,0.917315531,-0.973461503,0.317013452,0.28080528,0.859363235,-0.441427068,-0.198342192,0.372709853,-0.774278565,0.170014353,0.232851891,-0.625485558,1.290839513,-0.166260752,0.784858213,-0.195966402
636,2.352644166,0.936460371,2.884328864,1.770117016,1.082578331,2.906590845,1.092419711,0.840723229,1.593432346,0.46903386,0.470499576,0.643070774,1.444473678,0.35087237,0.155831288,2.489052241
638,0.208725381,0.359962754,0.148880753,0.493372539,1.44120026,-0.093173929,1.487307092,1.774719933,-0.536796815,0.797190599,0.485253057,-0.194824771,1.667896394,0.64937549,-0.456751357,0.86772867
642,0.045882457,-0.6099795,1.132448021,0.779351525,0.071153912,-0.227128874,0.035250199,1.01822454,0.045741471,0.661010464,0.949536114,0.125312516,0.828362132,0.747488233,0.369950136,0.68356978
643,-0.18325775,0.622837834,0.303501411,0.463586425,0.409060658,0.056229785,1.808596696,0.560259544,0.594037515,0.797023287,-0.539387666,-0.298345483,0.838192074,-0.860772457,1.767724886,0.13533988
644,-0.754173143,-0.52389476,-0.141320796,-1.182416868,-0.7772454,0.737169249,-0.423348251,-0.258673911,-0.630170391,0.234825122,-0.715965232,-0.387802654,-1.180375162,-1.595645452,-1.094025093,-1.743366264
647,0.848686707,1.028121411,1.492609361,0.792803615,0.312966395,0.209057409,-0.188796382,-0.153444578,-0.264823301,-0.253384035,0.344811399,-0.600605758,-0.953666021,1.004348997,0.021984479,1.660200384
648,0.829724551,0.054685289,0.275308012,1.377924288,1.539285082,1.250781329,1.886550896,-0.065690388,1.428252662,0.779792615,-0.646672759,0.754865632,1.491243479,0.812513606,1.320165512,1.432898812
651,-0.899683657,-0.964865726,-0.268528478,-1.856219651,-0.057535245,0.126220406,-1.086313227,1.357088618,-1.842466869,0.837881465,1.886044075,1.567568243,0.302989242,1.178102777,1.88063109,-1.297360868
655,0.896740312,-0.467915368,0.37029359,-0.544128897,0.146020575,0.465074063,0.194832794,-0.270886055,-0.217479249,-0.119015733,0.348074119,-0.236247158,-0.212316743,0.156884493,-0.482245656,0.603663874
657,-1.715577525,1.686804928,1.464049737,0.356694924,0.055900885,1.202171361,2.339618835,0.575686577,-0.119293906,0.325904092,-1.099320905,-0.346058386,-0.0440281,-0.068409583,0.095140327,0.639030534
663,-0.272197598,0.82610313,-0.116432279,0.536572091,1.552426287,0.928367968,-0.751406872,2.193408936,0.294674485,0.676639987,0.333427922,-0.211053863,0.997456941,2.370290056,2.204667859,0.92600149
665,-0.639179741,-0.225617024,-0.682866848,-0.677036254,0.344062206,-0.985227906,-0.901836238,0.662206684,0.08380207,0.612764663,1.40842819,0.964296042,-1.105263292,0.438508107,-0.356036251,0.130224009
666,-0.051265192,0.055212617,0.018130241,-1.723808139,1.383323256,1.703426244,0.209905991,0.899026475,1.813799364,2.006401455,1.240489979,0.801459807,0.678176007,0.326953439,1.71525152,1.533333474
667,0.410006548,0.701916643,0.739539037,-0.251549451,-0.049359179,-0.10236394,-0.801970071,0.328967861,1.715236074,-1.980013179,-1.09445293,-1.42561308,-0.904834005,-1.04377224,0.393952308,-0.574892891
670,-0.510277279,-0.346559069,-0.9209771,-1.618828667,-0.499878276,-0.055398889,0.16229361,-0.108564724,-1.18375347,-0.489770721,-1.720935103,-1.278303973,-1.018345449,-0.439033023,-1.496658606,-0.836134767
671,-1.178720677,0.396314412,-0.722018653,-0.550493819,0.348441577,-2.316709311,0.277880875,1.490094547,-1.014027641,-0.367152541,-0.171570201,0.69122156,0.640404153,0.746280338,2.113122234,-0.776944365
672,-0.239313705,1.375763694,-0.723801256,0.211062391,-1.395169081,0.844969474,-1.030308013,-0.822178192,0.452755993,0.062770324,1.05013172,-1.448991136,-1.300070662,-2.524182097,-0.129655145,0.260565884
674,-1.382260141,0.013109051,-0.428838212,-2.602216579,-0.137157832,-0.563302487,-0.460098452,-0.912960607,-0.552940515,-0.587145007,-1.282626874,-0.27267441,-1.422298302,-0.215091383,-0.247687357,-0.196167781
676,1.079736014,0.606538268,0.150986763,0.141581699,-0.425482323,1.706005377,0.669187725,-0.143921295,0.246424876,-1.673671097,0.597999724,-0.201935679,0.815276284,-0.166036194,-1.335437092,1.392343469
677,0.247432262,-0.263451451,-0.519013959,-0.2154981,0.618201811,0.764993606,-0.461787373,0.083675311,-1.634089133,0.102518004,1.369556684,0.113930845,0.823554124,0.315814353,0.046719317,-1.738257379
678,0.003164016,0.952093903,0.094407282,0.781380505,1.360987769,1.024424644,-1.15681635,0.332294981,-0.182855532,1.36324541,-0.271538468,0.672052961,0.383084514,-0.732243261,1.25226439,0.739614797
679,0.81454718,-0.371105381,0.011196402,-0.07563747,-1.65019019,1.269696153,0.721979483,-0.147117698,-0.223136673,0.203868843,-0.102625206,-1.772496441,-1.05419587,0.095321042,0.071236514,-0.06371498
683,-0.614403945,0.545213837,-1.310221772,-0.643754542,1.117624101,-1.082548459,-0.218775842,0.626354279,-0.892008585,0.836744925,-0.196059426,1.65106059,1.675916136,0.447651421,-1.06537723,-0.429453205
685,-0.306540086,-0.404846847,-1.108593215,-0.896886075,-1.585649821,0.092935578,-0.746180224,-1.1978617,-1.142356549,-0.230672969,-0.349736233,-0.524788009,-0.486734087,-2.489373825,-1.099544321,-0.050841378
686,0.569555413,1.647675345,1.254136823,0.366712421,0.499869442,1.585089706,1.591587527,-0.511071713,1.007823044,0.300367612,-1.151503966,-1.925764065,-0.19390046,-0.813676189,-1.533133317,-0.172241057
689,-2.259305479,-0.650288578,-1.487022292,0.697552774,0.016145426,-1.143405891,-0.723600602,-0.161434962,-0.787371751,-0.073708208,-0.652214534,1.078892684,-0.08561668,-0.103236492,-1.048364127,-0.131990952
692,0.844840554,0.999408867,0.649261486,0.391544812,-1.603223832,0.601155117,-1.715363143,0.091480251,-0.445372926,-0.182929848,-1.084365448,-0.597416643,-1.21125432,-0.902336218,-1.414877319,-0.377154077
694,0.959645458,0.498623163,-0.044623082,-0.02664352,1.059138284,0.010886942,-0.979772281,1.97635237,-0.855182408,1.490484552,2.484280682,2.19210197,0.754293528,0.641929851,0.834332737,0.178812408
696,-1.13306218,0.463328972,0.050373471,-0.202600651,1.057162705,0.04814986,-0.244173962,1.492868469,0.137656497,1.018100371,1.749793482,1.394346501,0.005205622,2.158364508,2.211498603,1.50895959
697,-2.340339855,-0.127881414,-1.060832618,-0.583699066,1.765867834,-0.036888011,0.185800095,3.168803696,-0.66216337,2.297857501,1.635356945,1.919081231,2.841357231,3.602492528,4.040472805,-0.552819373
698,-0.17961666,-0.333965437,0.778016974,-0.72277773,-0.996711398,0.201515552,0.397857318,0.607097375,0.469189964,-1.246304065,-0.553212525,-0.848367715,0.133789014,0.07390285,-0.527927128,-0.674907441
700,-1.152630499,-2.423678499,-0.469102917,-1.542767382,-0.12230553,-1.902359633,-1.465907569,0.174883559,-0.937140002,-1.424920382,-0.128618068,-0.485425119,0.469902888,-0.391659742,-0.298238489,-1.469958493
701,-0.550490473,-1.021868537,0.310417139,-0.322978877,-1.301582596,0.025491087,0.285680772,0.656325808,1.090845336,0.08224454,-0.60585018,-0.884760394,-0.225613417,-0.075675795,-0.703448446,-1.358684034
702,-0.07510794,-0.295206482,-0.282864529,1.021983208,1.069148462,-1.00045558,-0.503511908,1.317884305,0.004368089,0.991638597,0.978922769,1.423258585,0.395330098,1.287309521,1.141755293,-0.789916331
703,-1.632458378,-0.579425324,-1.194159968,-0.762916046,0.464831986,-0.37586793,0.029231345,0.034403214,-0.130506438,0.559419422,0.690958525,-0.929290023,0.241592867,-0.014888029,-0.801207748,-0.995717676
704,0.112273794,-0.683824942,-0.073715589,-0.100535364,0.733935753,-0.699969618,-1.360989281,1.377917997,-2.126846197,-0.439489338,0.877471563,0.408807916,1.140741254,0.169562141,1.285942141,-1.522935976
705,0.628692274,-0.646549936,0.440978895,1.913362448,-0.709089038,-0.605609291,1.364804357,-0.322033949,0.274799992,-0.355343684,-0.067418778,-0.266061592,-0.853926761,-0.394911073,-0.748539683,-0.602816566
707,-1.236930554,0.275812779,-1.171523223,-0.438027135,-0.211351338,-0.527948377,-0.420659148,0.761298458,-0.849886323,0.874410291,0.106470113,0.469367282,-0.354126929,0.315431581,0.653540147,-1.298761953
711,1.178910749,0.306148671,0.401309447,0.992429331,1.152900827,1.486532067,0.516064304,1.330471307,-0.792382915,0.446758827,-1.823676595,-1.295808134,-0.310523449,-0.836179925,0.769215467,0.27074726
713,0.830446376,0.093093686,0.738314172,0.023776414,1.274501845,0.462134543,0.74082151,-0.215756805,0.95376542,-0.39224164,0.227766792,-0.210432154,-1.037136409,-0.842655626,0.113606249,0.668849061
714,0.936357926,-1.015131587,-0.588867305,0.741334468,0.344179633,-0.517947477,-0.028414412,-1.369358233,0.007413909,0.660040828,-0.303159277,-0.972868349,0.395157982,-0.29291406,0.69840198,-0.573794799
716,0.996543172,2.044981544,1.6312652,0.713314149,1.883954034,3.322006026,1.264879684,0.529207708,-0.439808439,1.940055125,0.771305048,1.829212311,0.44504415,0.493868686,-0.458351283,-0.650622578
717,0.012179438,-0.06025373,1.603482992,0.269548854,0.926884677,1.333421214,0.964323301,1.602350245,-0.352144298,0.880027431,0.779486918,0.817561908,-0.335339796,0.926151224,0.715597478,1.006959473
718,0.831448354,0.663719324,0.081765874,0.459236431,-0.514385289,-0.276505911,-0.362453331,0.309365513,-0.332999492,1.465766781,1.187690025,1.815978279,-0.433828645,0.650261508,0.460460989,0.813386282
720,-1.243022146,1.200308494,1.482908365,0.179345761,1.118749077,0.769883858,0.669534958,1.195487212,1.36578573,-0.358575196,0.184395741,-0.191965106,-1.226095908,0.953669848,-1.242901766,1.342644505
721,0.337008951,1.283657229,-0.393964055,0.880177185,-0.784885199,-0.946724316,0.671041819,0.510545642,0.307128656,1.708242876,-0.03397573,0.950424077,0.852826715,1.87167696,0.528538592,-0.31929065
722,1.129288387,-0.098589448,-0.296467833,0.402437918,-1.48676071,0.699555152,-0.758423162,-0.730732475,0.405006656,-1.261183112,-0.729294429,-1.841572088,-3.477597936,-0.656358305,-0.157705752,-1.343796966
723,-0.635441905,-1.80460006,0.615008212,-0.885653233,-1.283838976,0.919289698,0.501262973,-0.62008046,-0.14311648,-0.663755645,-0.697497508,-0.182329996,-1.423819815,-0.297419536,0.63619801,-1.825430891
724,-0.242439126,-0.988916836,-0.384891834,-1.864458886,-0.521917586,-0.566844019,-1.707778571,-0.526628719,-0.345875947,-0.393834553,0.515158126,-0.269355589,-2.343586573,-1.131092452,-1.046114255,-0.591111247
725,0.922964359,1.847729405,1.395497028,0.36092123,-0.135349261,1.269653454,0.453811406,1.004023405,0.408319982,-1.194283402,-0.541016077,0.001109483,-0.191108638,-1.25995659,-0.59564401,0.452598952
727,-1.772287284,-1.717160949,-0.621877751,-0.549767098,-3.147405703,0.530265136,-0.59505112,-0.010599662,-0.297059824,-0.567230226,-0.968518559,-0.766477666,0.844730126,-1.583318206,-0.131423499,-0.367423652
731,-0.059919719,2.950300777,1.015953566,0.039685108,1.946174929,0.697575655,0.425094206,0.045759011,1.601499893,0.264533359,-0.835879465,0.279009802,0.509475935,0.590102929,-0.172708955,1.478594164
732,0.101194363,-0.812138053,-0.777056105,0.470509439,1.644926353,-0.375396319,-0.304063989,0.480314795,-0.487320614,1.885719426,1.810612345,1.229725843,1.038435269,1.27981466,1.248128057,-0.814787032
733,0.018185709,-0.005919244,0.017740716,-1.648040405,-1.780660307,-1.220924562,-1.040551785,-0.961234925,-1.637252016,-1.724869553,-0.236259094,-0.471594743,-2.325269251,-1.153641986,-0.006208012,-0.288355323
734,-0.32499686,-1.126269738,-0.836740268,-0.256999908,-0.789144707,-0.154841926,-0.577218685,-0.952362702,-0.374920617,0.367372038,-0.893905844,-0.52103028,1.053480596,-0.597730873,-0.076490754,-0.783655236
735,-0.86563676,-1.066338691,-0.697895509,0.50993113,0.619979823,-1.411355553,-0.645136184,0.250215976,-0.888307215,0.616044768,0.664885352,0.146277408,1.868226532,0.768208172,1.672222347,-1.11393477
737,0.969075819,1.635569853,0.374279054,0.453780543,1.631916951,1.100900298,0.987436737,1.054320341,0.897142439,-0.037614517,-0.363095694,0.63132929,0.120095208,-1.130304168,1.154916176,0.479065289
738,-2.206198862,-0.357024297,-0.353783695,-0.646063672,0.407562961,-1.622104142,0.760884923,-0.242649636,-0.311310852,0.156553353,0.120612243,0.728631348,0.91366581,1.752693102,0.152745888,-0.959199092
739,-0.369834049,-1.243123937,-1.960799525,-1.339487406,-0.12030989,-1.114654153,-0.679162865,-1.506510227,-1.783114137,-1.225421514,-0.988435304,-1.024021698,-1.738203878,0.222514545,-0.482097749,-1.681911908
743,1.396532097,0.044942244,0.302726794,1.119468937,0.409224604,1.458954874,0.566733607,1.014253773,1.036216497,-0.269932275,-0.739483653,0.118733809,0.717531912,-0.248260514,0.571569329,0.856634989
745,0.771655374,-0.131079498,-1.383743733,0.689344963,0.48133457,-0.542202007,-0.440079255,0.4869216,-0.058450193,-1.911604622,-0.690398698,0.005986306,0.859949027,0.668140015,0.444788874,-0.271355287
748,-0.780704664,-0.660179394,-1.744075246,-2.236142967,1.624450362,0.412500887,0.876871294,2.262259423,-1.160473343,1.760308076,1.497555796,1.228915142,1.023755345,-0.103183112,0.37925216,0.801063098
750,-0.79252364,0.590635947,0.111740919,-0.639448844,0.558346965,-0.244058715,0.990947019,1.67717005,0.068268141,2.286897875,1.703238497,1.536791434,2.131058082,1.141645,0.185846865,-0.077605915
751,1.514989542,0.412521812,2.1916072,1.230353153,-0.324999977,0.197256247,0.358499166,-0.232442257,1.148412458,-0.391925113,-0.450889571,2.169590923,0.201086875,0.294119118,0.581232812,0.002192928
752,0.814622022,-1.545676297,-0.354207111,-0.602680292,0.693236138,-0.068383342,-1.752428888,1.720211712,-0.443094902,0.857706771,0.993822137,1.063178036,-0.714321277,0.453218042,-0.327742391,-0.916967392
754,-1.57373179,-2.379469482,-3.606588287,-0.062705081,0.880141665,-1.387870377,-1.29734852,0.552081271,-0.908023193,0.162839555,1.081342131,1.064283942,-0.438544115,0.057016407,0.326279391,-1.32579451
756,0.581034919,0.509066059,1.189310156,-0.944659644,0.152090215,1.564795567,0.538271787,1.176839597,0.395098111,-0.141530051,0.450063885,-0.046720598,0.529192509,0.277853415,0.066351218,0.437362804
757,-0.14818647,1.149347331,-0.33365414,-0.564231987,1.601197618,-1.736526173,0.040152672,2.675740714,-0.514693799,1.34583034,3.146832041,2.71449307,1.997782194,1.312673034,1.883499125,-0.268679572
759,0.404556481,0.090608325,-0.270464031,-0.462482246,-0.553893685,-0.166162096,0.844469445,-0.959160032,-0.332852658,-1.379597381,-0.99242988,-1.734124854,-0.189599422,-1.990518596,-3.637221424,-0.900733362
760,-1.145635624,1.357177201,-0.841713416,1.50082785,1.643381369,0.934258135,1.242580055,-0.096468693,0.519773254,0.815972198,1.49664743,-0.356721022,-0.969240517,0.604908102,0.887406294,-0.729498502
761,0.759184525,1.248346396,1.084775239,0.50109736,-2.628105739,1.275992917,-0.315685053,-1.84350779,0.109055332,-2.020487841,-0.147120321,-2.576784117,-2.180460132,-1.545180928,-0.855527805,0.932204876
762,-0.730559531,1.178825903,0.718968985,0.057767956,0.150941999,0.505829481,0.081122133,0.157095391,-0.399215312,0.679726286,-0.586197549,0.502737998,-1.283743077,-0.162683252,0.276918986,-1.005811405
763,0.051554969,-0.227956049,1.10040511,0.267756373,1.250787664,1.805913146,-0.458064369,0.703068733,0.44691562,-0.327250292,0.649804499,0.214914126,-0.529922165,-0.408457408,0.009542581,0.599258808
766,0.819407796,-0.382507777,1.323010826,-0.196509345,-0.368376497,0.22705082,-1.235378692,0.861839175,0.578664339,1.20362144,0.202560528,0.267708425,1.059600835,0.929430265,-0.261397781,-0.094874778
767,-1.720563055,-0.242012556,-0.739062872,-1.071713626,0.303098879,-0.572984608,-1.676251407,-0.313593291,-0.687312486,-0.371373341,0.445512432,-0.361065059,-0.863430467,0.673743341,1.002315884,-1.369506657
768,0.299263039,-1.756733545,-1.557816651,0.880019941,-1.595284822,-0.853163116,-1.230229529,-0.721928713,-0.191503782,-0.061006241,-0.875343161,-2.402469504,-0.696473908,-0.871427237,-0.671920438,-1.392662342
769,-0.905754828,-0.597156602,-2.400526931,-1.557461821,-0.7552784,1.806163224,0.912813681,-0.053277638,-0.637635937,0.538281894,-0.224723154,0.010710289,-0.500822838,-0.464700235,0.154226072,1.279046606
770,0.65952023,0.251860417,0.722737709,-1.769784852,1.094467996,1.083016157,0.078280231,2.090889956,0.581846934,0.852263594,0.012355642,-0.286234976,0.987405693,1.533332745,1.402499732,-0.090483217
772,0.954138825,0.335508047,-1.179461102,-0.398913561,0.637723217,0.739625342,-0.013055968,1.512136865,0.041663567,0.999701916,1.027436223,1.493179615,1.653429321,2.910366047,2.087516734,-0.892919877
773,0.256405213,0.431328124,-0.910015679,-0.250539786,-0.17736967,0.490485137,0.576259914,-0.467787378,0.297594585,-0.842838456,-1.314905663,-0.42428204,-0.486871331,0.928139741,0.652000417,0.031610125
775,0.33011651,1.032338208,-0.212700643,0.780569571,0.255139155,0.682885944,1.56096453,1.236225067,1.002266234,-0.582659839,0.528453749,1.59405835,-0.177592288,0.082979935,0.215709646,1.294672807
776,0.893559768,-0.154393326,1.104912019,0.055352105,-0.464576307,0.407734234,-0.13379002,-1.332230386,-0.618230459,-1.34034499,-1.36798077,-1.19013408,-0.302391189,0.579364212,-1.545036883,0.513172782
778,0.577806615,0.369448996,1.401767933,0.044681159,-2.360182195,0.349477881,1.495255025,-2.087188853,2.099904283,-2.650728857,-0.837812581,-0.994087046,-1.579719564,-0.652024043,-2.142544026,2.852862184
780,-0.666404072,1.974720185,0.416714823,0.66121551,1.27737451,0.079086799,1.011756837,0.521297839,0.315805034,-0.385744101,-0.220337593,-0.445741588,-1.494691981,-0.308520189,0.455795958,0.984431583
781,0.016049878,-0.634111896,0.259100329,-0.821041102,-0.26822665,0.181641829,-0.449247046,0.644428601,0.342368478,0.020201838,-0.08898031,0.514021686,0.238782845,0.736481651,0.878431484,0.459111926
783,-0.282703053,-0.836040057,0.658558904,-0.801506243,-0.099067071,-0.972606506,-0.234333584,0.163481139,-0.998368499,-2.207954392,0.492748574,-0.400303084,0.47273281,0.268359242,0.552026175,-0.923853566
784,0.742298225,-0.188280402,-1.020829513,0.031509378,0.446133496,-1.095552973,0.656751037,0.038263936,-0.062416853,-0.23262691,0.47069822,0.636629759,-0.81268737,0.877765902,-0.854625409,-1.041408007
786,-0.094000575,0.318850409,0.089812631,-0.554651857,-1.565028361,1.337885754,1.00567461,-1.51865123,0.836692875,-0.654604571,-0.262904607,1.604741917,-2.09335852,0.181939402,-1.243276126,0.434460863
788,-0.59188015,-0.079095107,0.519579848,0.49198448,0.08333994,-0.161764852,-0.938200187,-0.789806066,-0.172373048,0.290382315,0.239848328,0.378632206,1.332286765,-1.370007518,-0.169650796,-1.06243559
789,-2.072997283,-0.542564214,-1.416367883,-0.293837253,-0.717660934,-1.764887644,-0.585096602,-1.909193057,-2.380720444,-1.334507574,-1.268969365,-0.829418177,-0.773521617,-0.869318918,-0.736093136,-1.40757783
791,1.030397428,0.169113102,2.302988683,-0.892049042,1.70117721,0.390510312,-0.104047361,-0.302699097,0.372614285,0.10471748,1.153454842,0.887548113,-1.172324818,0.665783857,0.742453963,0.679295944
792,-0.248426675,0.239823825,2.006427621,-0.280520545,0.97590896,-1.053492711,1.517551616,0.571264371,-0.033949663,0.804951646,-1.750660967,-1.652065493,-0.802177515,-0.264185039,1.131215718,0.175766147
794,0.631097767,1.382205707,-0.0424667,0.933419896,-0.507642397,1.944074345,0.652539531,-0.206353546,1.20888031,1.33746433,0.703223518,0.814543816,-0.548602091,0.654190128,-0.378934056,0.174755025
795,2.213772856,0.566501455,1.058784054,1.754412403,-1.890598746,1.806889443,-0.108449784,0.083650243,1.218966324,-0.627284583,-0.730297918,-0.690892704,-0.409516179,-0.925211598,-0.350413396,0.231940009
800,-0.446512078,0.468006292,0.083714722,0.142746025,-0.917360958,0.087300994,1.375952398,-1.793385154,0.727915284,-0.673140427,-1.502971792,-1.064570858,-1.076030672,0.235588214,0.070077341,-0.525349838
802,0.072560378,-0.866289798,-0.190415492,-1.24431707,1.243237749,-1.001949327,-0.890049102,0.396237282,-0.646860195,0.288762287,0.12746577,-0.388421298,0.921421385,1.100890528,-0.948890809,-0.54118984
803,-0.258185969,-1.637271536,-1.140527313,-0.966325907,0.293533325,-0.876805363,-0.580583139,-0.70951241,-0.407075821,0.809289751,-0.452673641,0.855135489,-0.115814815,0.109375732,-0.270530683,0.435886934
804,-0.162123212,-0.150720861,-0.411545793,-0.137687791,1.571672225,-0.183463232,0.547542708,-1.465802109,0.020629808,0.142725289,-0.641487854,0.316086754,1.598275933,-0.513101966,0.145904011,-1.809071491